ID STAR;SGidSourceEnt
172783;UBFC_ADUM_ UBFC_99615
155262;UBFC_ADUM_ UBFC_99540
169869;UBFC_ADUM_ UBFC_99529
169706;UBFC_ADUM_ UBFC_99493
169674;UBFC_ADUM_ UBFC_99472
150736;UBFC_ADUM_ UBFC_99469
153974;UBFC_ADUM_ UBFC_99454
160292;UBFC_ADUM_ UBFC_99409
152380;UBFC_ADUM_ UBFC_99368
144079;UBFC_ADUM_ UBFC_99335
180445;UBFC_ADUM_ UBFC_99269
169022;UBFC_ADUM_ UBFC_99219
151926;UBFC_ADUM_ UBFC_99159
167047;UBFC_ADUM_ UBFC_99156
153766;UBFC_ADUM_ UBFC_99144
180543;UBFC_ADUM_ UBFC_99140
162054;UBFC_ADUM_ UBFC_98985
161434;UBFC_ADUM_ UBFC_98954
142516;UBFC_ADUM_ UBFC_98908
160083;UBFC_ADUM_ UBFC_98896
179202;UBFC_ADUM_ UBFC_98866
168802;UBFC_ADUM_ UBFC_98839
143674;UBFC_ADUM_ UBFC_98779
171121;UBFC_ADUM_ UBFC_98773
145550;UBFC_ADUM_ UBFC_98769
160576;UBFC_ADUM_ UBFC_98609
153712;UBFC_ADUM_ UBFC_98599
165120;UBFC_ADUM_ UBFC_98541
147375;UBFC_ADUM_ UBFC_98482
118181;UBFC_ADUM_ UBFC_98481
161438;UBFC_ADUM_ UBFC_98457
148725;UBFC_ADUM_ UBFC_98379
161072;UBFC_ADUM_ UBFC_98377
172844;UBFC_ADUM_ UBFC_98376
138319;UBFC_ADUM_ UBFC_98375
146199;UBFC_ADUM_ UBFC_98371
152529;UBFC_ADUM_ UBFC_98367
182830;UBFC_ADUM_ UBFC_98366
165461;UBFC_ADUM_ UBFC_98364
165671;UBFC_ADUM_ UBFC_98363
144283;UBFC_ADUM_ UBFC_98353
150440;UBFC_ADUM_ UBFC_98351
171790;UBFC_ADUM_ UBFC_98350
172058;UBFC_ADUM_ UBFC_98349
146357;UBFC_ADUM_ UBFC_98347
148914;UBFC_ADUM_ UBFC_98299
184381;UBFC_ADUM_ UBFC_98241
178862;UBFC_ADUM_ UBFC_98165
170148;UBFC_ADUM_ UBFC_98135
136273;UBFC_ADUM_ UBFC_98111
172124;UBFC_ADUM_ UBFC_98094
141736;UBFC_ADUM_ UBFC_98092
171148;UBFC_ADUM_ UBFC_98062
127518;UBFC_ADUM_ UBFC_98031
179038;UBFC_ADUM_ UBFC_98020
171053;UBFC_ADUM_ UBFC_98019
177588;UBFC_ADUM_ UBFC_98018
171015;UBFC_ADUM_ UBFC_98015
105494;UBFC_ADUM_ UBFC_98014
142611;UBFC_ADUM_ UBFC_98011
126479;UBFC_ADUM_ UBFC_98004
173703;UBFC_ADUM_ UBFC_97946
171469;UBFC_ADUM_ UBFC_97945
172521;UBFC_ADUM_ UBFC_97942
145523;UBFC_ADUM_ UBFC_97901
140991;UBFC_ADUM_ UBFC_97858
156433;UBFC_ADUM_ UBFC_97819
169854;UBFC_ADUM_ UBFC_97793
169884;UBFC_ADUM_ UBFC_97792
144242;UBFC_ADUM_ UBFC_97789
113203;UBFC_ADUM_ UBFC_97773
141448;UBFC_ADUM_ UBFC_97751
172846;UBFC_ADUM_ UBFC_97750
145024;UBFC_ADUM_ UBFC_97749
130422;UBFC_ADUM_ UBFC_97748
184081;UBFC_ADUM_ UBFC_97745
143092;UBFC_ADUM_ UBFC_97739
148541;UBFC_ADUM_ UBFC_97737
130473;UBFC_ADUM_ UBFC_97658
139862;UBFC_ADUM_ UBFC_97657
150929;UBFC_ADUM_ UBFC_97637
157920;UBFC_ADUM_ UBFC_97621
147127;UBFC_ADUM_ UBFC_97596
167165;UBFC_ADUM_ UBFC_97591
160463;UBFC_ADUM_ UBFC_97590
165183;UBFC_ADUM_ UBFC_97584
153189;UBFC_ADUM_ UBFC_97582
147148;UBFC_ADUM_ UBFC_97581
166930;UBFC_ADUM_ UBFC_97559
150956;UBFC_ADUM_ UBFC_97555
145627;UBFC_ADUM_ UBFC_97434
172036;UBFC_ADUM_ UBFC_97399
152392;UBFC_ADUM_ UBFC_97398
149850;UBFC_ADUM_ UBFC_97393
148929;UBFC_ADUM_ UBFC_97392
147475;UBFC_ADUM_ UBFC_97210
160379;UBFC_ADUM_ UBFC_97209
146439;UBFC_ADUM_ UBFC_97203
146322;UBFC_ADUM_ UBFC_97194
130623;UBFC_ADUM_ UBFC_97181
151918;UBFC_ADUM_ UBFC_96987
144974;UBFC_ADUM_ UBFC_96973
150141;UBFC_ADUM_ UBFC_96972
125719;UBFC_ADUM_ UBFC_96971
174937;UBFC_ADUM_ UBFC_96950
160350;UBFC_ADUM_ UBFC_96921
172551;UBFC_ADUM_ UBFC_96920
172048;UBFC_ADUM_ UBFC_96905
157313;UBFC_ADUM_ UBFC_96893
140891;UBFC_ADUM_ UBFC_96886
170737;UBFC_ADUM_ UBFC_96883
184689;UBFC_ADUM_ UBFC_96879
141070;UBFC_ADUM_ UBFC_96876
185001;UBFC_ADUM_ UBFC_96871
148036;UBFC_ADUM_ UBFC_96869
182793;UBFC_ADUM_ UBFC_96844
152065;UBFC_ADUM_ UBFC_96821
166705;UBFC_ADUM_ UBFC_96818
175779;UBFC_ADUM_ UBFC_96817
174618;UBFC_ADUM_ UBFC_96778
112019;UBFC_ADUM_ UBFC_96738
173217;UBFC_ADUM_ UBFC_96599
153171;UBFC_ADUM_ UBFC_96592
177287;UBFC_ADUM_ UBFC_96588
130556;UBFC_ADUM_ UBFC_96587
151875;UBFC_ADUM_ UBFC_96585
153081;UBFC_ADUM_ UBFC_96583
158276;UBFC_ADUM_ UBFC_96580
147306;UBFC_ADUM_ UBFC_96571
163446;UBFC_ADUM_ UBFC_96517
109250;UBFC_ADUM_ UBFC_96499
147296;UBFC_ADUM_ UBFC_96476
155660;UBFC_ADUM_ UBFC_96467
113601;UBFC_ADUM_ UBFC_96420
169905;UBFC_ADUM_ UBFC_96399
169722;UBFC_ADUM_ UBFC_96323
164644;UBFC_ADUM_ UBFC_96303
146156;UBFC_ADUM_ UBFC_96267
170957;UBFC_ADUM_ UBFC_96240
173333;UBFC_ADUM_ UBFC_96228
146335;UBFC_ADUM_ UBFC_96116
173182;UBFC_ADUM_ UBFC_96093
181874;UBFC_ADUM_ UBFC_96065
157390;UBFC_ADUM_ UBFC_95998
147364;UBFC_ADUM_ UBFC_95994
171016;UBFC_ADUM_ UBFC_95978
167732;UBFC_ADUM_ UBFC_95965
172772;UBFC_ADUM_ UBFC_95957
149862;UBFC_ADUM_ UBFC_95938
184495;UBFC_ADUM_ UBFC_95845
143434;UBFC_ADUM_ UBFC_95803
180003;UBFC_ADUM_ UBFC_95793
160753;UBFC_ADUM_ UBFC_95784
148092;UBFC_ADUM_ UBFC_95747
172303;UBFC_ADUM_ UBFC_95723
172265;UBFC_ADUM_ UBFC_95723
142547;UBFC_ADUM_ UBFC_95712
147409;UBFC_ADUM_ UBFC_95710
141811;UBFC_ADUM_ UBFC_95709
172782;UBFC_ADUM_ UBFC_95646
146050;UBFC_ADUM_ UBFC_95642
144858;UBFC_ADUM_ UBFC_95602
164309;UBFC_ADUM_ UBFC_95588
145443;UBFC_ADUM_ UBFC_95587
131267;UBFC_ADUM_ UBFC_95578
159218;UBFC_ADUM_ UBFC_95566
172045;UBFC_ADUM_ UBFC_95545
152355;UBFC_ADUM_ UBFC_95526
141892;UBFC_ADUM_ UBFC_95512
147417;UBFC_ADUM_ UBFC_95499
130875;UBFC_ADUM_ UBFC_95459
141996;UBFC_ADUM_ UBFC_95458
145800;UBFC_ADUM_ UBFC_95429
141038;UBFC_ADUM_ UBFC_95414
185284;UBFC_ADUM_ UBFC_95391
170858;UBFC_ADUM_ UBFC_95305
146224;UBFC_ADUM_ UBFC_95137
146693;UBFC_ADUM_ UBFC_95136
160690;UBFC_ADUM_ UBFC_95125
147501;UBFC_ADUM_ UBFC_95117
145392;UBFC_ADUM_ UBFC_95112
144942;UBFC_ADUM_ UBFC_95048
146479;UBFC_ADUM_ UBFC_94950
170354;UBFC_ADUM_ UBFC_94897
172021;UBFC_ADUM_ UBFC_94840
141877;UBFC_ADUM_ UBFC_94831
143428;UBFC_ADUM_ UBFC_94755
160710;UBFC_ADUM_ UBFC_94487
157455;UBFC_ADUM_ UBFC_94364
170723;UBFC_ADUM_ UBFC_94350
158961;UBFC_ADUM_ UBFC_94313
186364;UBFC_ADUM_ UBFC_94275
129535;UBFC_ADUM_ UBFC_94090
148461;UBFC_ADUM_ UBFC_94052
148930;UBFC_ADUM_ UBFC_93957
165672;UBFC_ADUM_ UBFC_93864
185161;UBFC_ADUM_ UBFC_93859
145763;UBFC_ADUM_ UBFC_93844
170350;UBFC_ADUM_ UBFC_93840
150389;UBFC_ADUM_ UBFC_93838
170334;UBFC_ADUM_ UBFC_93837
152453;UBFC_ADUM_ UBFC_93836
146136;UBFC_ADUM_ UBFC_93820
171683;UBFC_ADUM_ UBFC_93819
170722;UBFC_ADUM_ UBFC_93815
172847;UBFC_ADUM_ UBFC_93814
143911;UBFC_ADUM_ UBFC_93813
171344;UBFC_ADUM_ UBFC_93806
159215;UBFC_ADUM_ UBFC_93731
139312;UBFC_ADUM_ UBFC_93678
152386;UBFC_ADUM_ UBFC_93677
173117;UBFC_ADUM_ UBFC_93674
172694;UBFC_ADUM_ UBFC_93673
147073;UBFC_ADUM_ UBFC_93672
150452;UBFC_ADUM_ UBFC_93666
146237;UBFC_ADUM_ UBFC_93608
151530;UBFC_ADUM_ UBFC_93607
184871;UBFC_ADUM_ UBFC_93557
164281;UBFC_ADUM_ UBFC_93556
142332;UBFC_ADUM_ UBFC_93422
160329;UBFC_ADUM_ UBFC_93353
141390;UBFC_ADUM_ UBFC_93299
171629;UBFC_ADUM_ UBFC_93165
162885;UBFC_ADUM_ UBFC_93105
172239;UBFC_ADUM_ UBFC_93090
144289;UBFC_ADUM_ UBFC_93078
179782;UBFC_ADUM_ UBFC_93077
147413;UBFC_ADUM_ UBFC_93071
146971;UBFC_ADUM_ UBFC_93038
143899;UBFC_ADUM_ UBFC_93027
145687;UBFC_ADUM_ UBFC_93010
142142;UBFC_ADUM_ UBFC_93006
141312;UBFC_ADUM_ UBFC_92995
146695;UBFC_ADUM_ UBFC_92917
141185;UBFC_ADUM_ UBFC_92911
165765;UBFC_ADUM_ UBFC_92888
170890;UBFC_ADUM_ UBFC_92807
160883;UBFC_ADUM_ UBFC_92787
145814;UBFC_ADUM_ UBFC_92681
144219;UBFC_ADUM_ UBFC_92614
145503;UBFC_ADUM_ UBFC_92573
171010;UBFC_ADUM_ UBFC_92545
140136;UBFC_ADUM_ UBFC_92544
146323;UBFC_ADUM_ UBFC_92511
146333;UBFC_ADUM_ UBFC_92486
165185;UBFC_ADUM_ UBFC_92485
152124;UBFC_ADUM_ UBFC_92484
154787;UBFC_ADUM_ UBFC_92483
170721;UBFC_ADUM_ UBFC_92481
141322;UBFC_ADUM_ UBFC_92478
142212;UBFC_ADUM_ UBFC_92477
103729;UBFC_ADUM_ UBFC_92468
164660;UBFC_ADUM_ UBFC_92466
154583;UBFC_ADUM_ UBFC_92456
172453;UBFC_ADUM_ UBFC_92454
149191;UBFC_ADUM_ UBFC_92452
145446;UBFC_ADUM_ UBFC_92449
150505;UBFC_ADUM_ UBFC_92435
142823;UBFC_ADUM_ UBFC_92434
128326;UBFC_ADUM_ UBFC_92433
144773;UBFC_ADUM_ UBFC_92365
152044;UBFC_ADUM_ UBFC_92347
169334;UBFC_ADUM_ UBFC_92234
186095;UBFC_ADUM_ UBFC_92031
153334;UBFC_ADUM_ UBFC_92025
147145;UBFC_ADUM_ UBFC_92024
185014;UBFC_ADUM_ UBFC_91977
148640;UBFC_ADUM_ UBFC_91958
148557;UBFC_ADUM_ UBFC_91956
142735;UBFC_ADUM_ UBFC_91851
148662;UBFC_ADUM_ UBFC_91449
172603;UBFC_ADUM_ UBFC_91337
151819;UBFC_ADUM_ UBFC_91299
139331;UBFC_ADUM_ UBFC_90277
147591;UBFC_ADUM_ UBFC_89929
130594;UBFC_ADUM_ UBFC_89832
146660;UBFC_ADUM_ UBFC_89805
146195;UBFC_ADUM_ UBFC_88640
136708;UBFC_ADUM_ UBFC_88369
103655;UBFC_ADUM_ UBFC_88062
113395;UBFC_ADUM_ UBFC_88061
129974;UBFC_ADUM_ UBFC_88060
104475;UBFC_ADUM_ UBFC_88058
122470;UBFC_ADUM_ UBFC_88056
103127;UBFC_ADUM_ UBFC_88055
118739;UBFC_ADUM_ UBFC_88051
109568;UBFC_ADUM_ UBFC_88049
106671;UBFC_ADUM_ UBFC_88041
130523;UBFC_ADUM_ UBFC_88039
129228;UBFC_ADUM_ UBFC_88036
137204;UBFC_ADUM_ UBFC_87927
139166;UBFC_ADUM_ UBFC_87925
172403;UBFC_ADUM_ UBFC_87838
105854;UBFC_ADUM_ UBFC_87834
128746;UBFC_ADUM_ UBFC_87833
138587;UBFC_ADUM_ UBFC_87757
105836;UBFC_ADUM_ UBFC_87748
183562;UBFC_ADUM_ UBFC_87747
136925;UBFC_ADUM_ UBFC_87743
144312;UBFC_ADUM_ UBFC_87742
114164;UBFC_ADUM_ UBFC_87721
121568;UBFC_ADUM_ UBFC_87452
117912;UBFC_ADUM_ UBFC_87446
130455;UBFC_ADUM_ UBFC_87443
103881;UBFC_ADUM_ UBFC_87440
133706;UBFC_ADUM_ UBFC_87439
120524;UBFC_ADUM_ UBFC_87434
103658;UBFC_ADUM_ UBFC_87433
113827;UBFC_ADUM_ UBFC_87430
104460;UBFC_ADUM_ UBFC_87428
116068;UBFC_ADUM_ UBFC_87427
143535;UBFC_ADUM_ UBFC_87426
103130;UBFC_ADUM_ UBFC_87425
104762;UBFC_ADUM_ UBFC_87423
129773;UBFC_ADUM_ UBFC_87422
143939;UBFC_ADUM_ UBFC_87418
150954;UBFC_ADUM_ UBFC_87417
103657;UBFC_ADUM_ UBFC_87415
126121;UBFC_ADUM_ UBFC_87411
129166;UBFC_ADUM_ UBFC_87409
170758;UBFC_ADUM_ UBFC_87401
129075;UBFC_ADUM_ UBFC_87400
118229;UBFC_ADUM_ UBFC_87399
171054;UBFC_ADUM_ UBFC_87395
170718;UBFC_ADUM_ UBFC_87394
112636;UBFC_ADUM_ UBFC_87392
111009;UBFC_ADUM_ UBFC_87391
151852;UBFC_ADUM_ UBFC_87387
110652;UBFC_ADUM_ UBFC_87310
179440;UBFC_ADUM_ UBFC_87309
102881;UBFC_ADUM_ UBFC_87308
106394;UBFC_ADUM_ UBFC_87306
184362;UBFC_ADUM_ UBFC_87305
129076;UBFC_ADUM_ UBFC_87304
129695;UBFC_ADUM_ UBFC_87303
170740;UBFC_ADUM_ UBFC_87302
114737;UBFC_ADUM_ UBFC_87300
146484;UBFC_ADUM_ UBFC_87296
123330;UBFC_ADUM_ UBFC_87266
102688;UBFC_ADUM_ UBFC_87263
120141;UBFC_ADUM_ UBFC_87262
130027;UBFC_ADUM_ UBFC_87261
118527;UBFC_ADUM_ UBFC_87260
171947;UBFC_ADUM_ UBFC_87257
113421;UBFC_ADUM_ UBFC_87255
129280;UBFC_ADUM_ UBFC_87251
106670;UBFC_ADUM_ UBFC_87248
175624;UBFC_ADUM_ UBFC_87247
103653;UBFC_ADUM_ UBFC_87246
103312;UBFC_ADUM_ UBFC_87245
102669;UBFC_ADUM_ UBFC_87243
123661;UBFC_ADUM_ UBFC_87241
111732;UBFC_ADUM_ UBFC_87240
138235;UBFC_ADUM_ UBFC_87239
122100;UBFC_ADUM_ UBFC_87238
143940;UBFC_ADUM_ UBFC_87237
103648;UBFC_ADUM_ UBFC_87236
142092;UBFC_ADUM_ UBFC_87234
128284;UBFC_ADUM_ UBFC_87130
130321;UBFC_ADUM_ UBFC_87080
113517;UBFC_ADUM_ UBFC_87069
137254;UBFC_ADUM_ UBFC_87039
184380;UBFC_ADUM_ UBFC_87038
143079;UBFC_ADUM_ UBFC_87036
145445;UBFC_ADUM_ UBFC_87034
112068;UBFC_ADUM_ UBFC_87033
109847;UBFC_ADUM_ UBFC_87031
122471;UBFC_ADUM_ UBFC_87030
124044;UBFC_ADUM_ UBFC_87029
113207;UBFC_ADUM_ UBFC_87027
123789;UBFC_ADUM_ UBFC_87026
159630;UBFC_ADUM_ UBFC_87025
144275;UBFC_ADUM_ UBFC_87022
183151;UBFC_ADUM_ UBFC_87021
104618;UBFC_ADUM_ UBFC_87019
130458;UBFC_ADUM_ UBFC_87018
103646;UBFC_ADUM_ UBFC_87017
119263;UBFC_ADUM_ UBFC_87016
146400;UBFC_ADUM_ UBFC_87013
104763;UBFC_ADUM_ UBFC_87010
114898;UBFC_ADUM_ UBFC_86998
148471;UBFC_ADUM_ UBFC_86989
110989;UBFC_ADUM_ UBFC_86988
113183;UBFC_ADUM_ UBFC_86987
154538;UBFC_ADUM_ UBFC_86986
113825;UBFC_ADUM_ UBFC_86984
170324;UBFC_ADUM_ UBFC_86983
172875;UBFC_ADUM_ UBFC_86981
157949;UBFC_ADUM_ UBFC_86980
180353;UBFC_ADUM_ UBFC_86979
111583;UBFC_ADUM_ UBFC_86976
105751;UBFC_ADUM_ UBFC_86975
116312;UBFC_ADUM_ UBFC_86973
113537;UBFC_ADUM_ UBFC_86971
171784;UBFC_ADUM_ UBFC_86969
184491;UBFC_ADUM_ UBFC_86949
135042;UBFC_ADUM_ UBFC_86947
104764;UBFC_ADUM_ UBFC_86946
103660;UBFC_ADUM_ UBFC_86945
113209;UBFC_ADUM_ UBFC_86944
136333;UBFC_ADUM_ UBFC_86941
113818;UBFC_ADUM_ UBFC_86940
179446;UBFC_ADUM_ UBFC_86938
105556;UBFC_ADUM_ UBFC_86934
171815;UBFC_ADUM_ UBFC_86927
156959;UBFC_ADUM_ UBFC_86926
122049;UBFC_ADUM_ UBFC_86925
136212;UBFC_ADUM_ UBFC_86924
146137;UBFC_ADUM_ UBFC_86921
113535;UBFC_ADUM_ UBFC_86917
102857;UBFC_ADUM_ UBFC_86912
179423;UBFC_ADUM_ UBFC_86911
103647;UBFC_ADUM_ UBFC_86909
106424;UBFC_ADUM_ UBFC_86904
182446;UBFC_ADUM_ UBFC_86903
158426;UBFC_ADUM_ UBFC_86902
118990;UBFC_ADUM_ UBFC_86901
148718;UBFC_ADUM_ UBFC_86898
148756;UBFC_ADUM_ UBFC_86896
111378;UBFC_ADUM_ UBFC_86894
109452;UBFC_ADUM_ UBFC_86893
119229;UBFC_ADUM_ UBFC_86892
106396;UBFC_ADUM_ UBFC_86891
103659;UBFC_ADUM_ UBFC_86890
130787;UBFC_ADUM_ UBFC_86889
179278;UBFC_ADUM_ UBFC_86885
129514;UBFC_ADUM_ UBFC_86882
112300;UBFC_ADUM_ UBFC_86881
110990;UBFC_ADUM_ UBFC_86880
113193;UBFC_ADUM_ UBFC_86878
116313;UBFC_ADUM_ UBFC_86872
119010;UBFC_ADUM_ UBFC_86870
181131;UBFC_ADUM_ UBFC_86869
125704;UBFC_ADUM_ UBFC_86868
142863;UBFC_ADUM_ UBFC_86867
113202;UBFC_ADUM_ UBFC_86866
146914;UBFC_ADUM_ UBFC_86853
111012;UBFC_ADUM_ UBFC_86852
113208;UBFC_ADUM_ UBFC_86847
117535;UBFC_ADUM_ UBFC_86763
109159;UBFC_ADUM_ UBFC_86712
104428;UBFC_ADUM_ UBFC_86707
169338;UBFC_ADUM_ UBFC_86704
123931;UBFC_ADUM_ UBFC_86702
104462;UBFC_ADUM_ UBFC_86699
154504;UBFC_ADUM_ UBFC_86696
121338;UBFC_ADUM_ UBFC_86695
121320;UBFC_ADUM_ UBFC_86694
106254;UBFC_ADUM_ UBFC_86693
147590;UBFC_ADUM_ UBFC_86692
112278;UBFC_ADUM_ UBFC_86691
131286;UBFC_ADUM_ UBFC_86690
104408;UBFC_ADUM_ UBFC_86689
145111;UBFC_ADUM_ UBFC_86678
169994;UBFC_ADUM_ UBFC_86676
145936;UBFC_ADUM_ UBFC_86674
135448;UBFC_ADUM_ UBFC_86673
102902;UBFC_ADUM_ UBFC_86671
104489;UBFC_ADUM_ UBFC_86668
131599;UBFC_ADUM_ UBFC_86667
117527;UBFC_ADUM_ UBFC_86664
129239;UBFC_ADUM_ UBFC_86663
180738;UBFC_ADUM_ UBFC_86658
122706;UBFC_ADUM_ UBFC_86657
152383;UBFC_ADUM_ UBFC_86656
170739;UBFC_ADUM_ UBFC_86655
137266;UBFC_ADUM_ UBFC_86653
129158;UBFC_ADUM_ UBFC_86650
178341;UBFC_ADUM_ UBFC_86646
148476;UBFC_ADUM_ UBFC_86645
104613;UBFC_ADUM_ UBFC_86644
166431;UBFC_ADUM_ UBFC_86643
130009;UBFC_ADUM_ UBFC_86641
154505;UBFC_ADUM_ UBFC_86638
171023;UBFC_ADUM_ UBFC_86637
135335;UBFC_ADUM_ UBFC_86634
104407;UBFC_ADUM_ UBFC_86617
137110;UBFC_ADUM_ UBFC_86613
145929;UBFC_ADUM_ UBFC_86612
106366;UBFC_ADUM_ UBFC_86610
142610;UBFC_ADUM_ UBFC_86608
161058;UBFC_ADUM_ UBFC_86607
105830;UBFC_ADUM_ UBFC_86593
106417;UBFC_ADUM_ UBFC_86587
126116;UBFC_ADUM_ UBFC_86585
107670;UBFC_ADUM_ UBFC_86583
133577;UBFC_ADUM_ UBFC_86580
168561;UBFC_ADUM_ UBFC_86575
159237;UBFC_ADUM_ UBFC_86574
112609;UBFC_ADUM_ UBFC_86572
106320;UBFC_ADUM_ UBFC_86571
105855;UBFC_ADUM_ UBFC_86570
125948;UBFC_ADUM_ UBFC_86569
102865;UBFC_ADUM_ UBFC_86568
121773;UBFC_ADUM_ UBFC_86565
136270;UBFC_ADUM_ UBFC_86563
144276;UBFC_ADUM_ UBFC_86560
170481;UBFC_ADUM_ UBFC_86559
111248;UBFC_ADUM_ UBFC_86558
159635;UBFC_ADUM_ UBFC_86556
145557;UBFC_ADUM_ UBFC_86555
120508;UBFC_ADUM_ UBFC_86553
135096;UBFC_ADUM_ UBFC_86552
104406;UBFC_ADUM_ UBFC_86551
102858;UBFC_ADUM_ UBFC_86548
104461;UBFC_ADUM_ UBFC_86546
129640;UBFC_ADUM_ UBFC_86543
106004;UBFC_ADUM_ UBFC_86542
125934;UBFC_ADUM_ UBFC_86540
118862;UBFC_ADUM_ UBFC_86539
171067;UBFC_ADUM_ UBFC_86538
128598;UBFC_ADUM_ UBFC_86535
117447;UBFC_ADUM_ UBFC_86531
104405;UBFC_ADUM_ UBFC_86529
105670;UBFC_ADUM_ UBFC_86527
127088;UBFC_ADUM_ UBFC_86521
128515;UBFC_ADUM_ UBFC_86516
102485;UBFC_ADUM_ UBFC_86513
129155;UBFC_ADUM_ UBFC_86509
170351;UBFC_ADUM_ UBFC_86507
128829;UBFC_ADUM_ UBFC_86502
121317;UBFC_ADUM_ UBFC_86500
146911;UBFC_ADUM_ UBFC_86496
109399;UBFC_ADUM_ UBFC_86495
135893;UBFC_ADUM_ UBFC_86494
112635;UBFC_ADUM_ UBFC_86492
145931;UBFC_ADUM_ UBFC_86488
121380;UBFC_ADUM_ UBFC_86487
153849;UBFC_ADUM_ UBFC_86485
112727;UBFC_ADUM_ UBFC_86484
104425;UBFC_ADUM_ UBFC_86483
103656;UBFC_ADUM_ UBFC_86481
122704;UBFC_ADUM_ UBFC_86476
104474;UBFC_ADUM_ UBFC_86474
120142;UBFC_ADUM_ UBFC_86472
105995;UBFC_ADUM_ UBFC_86471
112637;UBFC_ADUM_ UBFC_86470
113401;UBFC_ADUM_ UBFC_86467
156941;UBFC_ADUM_ UBFC_86464
171164;UBFC_ADUM_ UBFC_86463
103608;UBFC_ADUM_ UBFC_86462
179176;UBFC_ADUM_ UBFC_86459
112299;UBFC_ADUM_ UBFC_86458
138708;UBFC_ADUM_ UBFC_86353
141445;UBFC_ADUM_ UBFC_86317
137183;UBFC_ADUM_ UBFC_86294
137449;UBFC_ADUM_ UBFC_86290
169668;UBFC_ADUM_ UBFC_86265
169874;UBFC_ADUM_ UBFC_86264
130011;UBFC_ADUM_ UBFC_86263
130025;UBFC_ADUM_ UBFC_86262
136906;UBFC_ADUM_ UBFC_86261
129073;UBFC_ADUM_ UBFC_86260
172202;UBFC_ADUM_ UBFC_86258
138063;UBFC_ADUM_ UBFC_86257
119273;UBFC_ADUM_ UBFC_86256
107453;UBFC_ADUM_ UBFC_86255
129923;UBFC_ADUM_ UBFC_86254
126412;UBFC_ADUM_ UBFC_86241
102532;UBFC_ADUM_ UBFC_86239
102508;UBFC_ADUM_ UBFC_86237
118657;UBFC_ADUM_ UBFC_86236
166540;UBFC_ADUM_ UBFC_86231
131410;UBFC_ADUM_ UBFC_86229
137052;UBFC_ADUM_ UBFC_86228
130927;UBFC_ADUM_ UBFC_86226
145316;UBFC_ADUM_ UBFC_86225
135892;UBFC_ADUM_ UBFC_86224
129943;UBFC_ADUM_ UBFC_86223
145817;UBFC_ADUM_ UBFC_86222
135901;UBFC_ADUM_ UBFC_86219
134673;UBFC_ADUM_ UBFC_86218
121318;UBFC_ADUM_ UBFC_86216
147912;UBFC_ADUM_ UBFC_86211
138847;UBFC_ADUM_ UBFC_86210
131181;UBFC_ADUM_ UBFC_86209
105716;UBFC_ADUM_ UBFC_86208
129677;UBFC_ADUM_ UBFC_86207
126698;UBFC_ADUM_ UBFC_86206
113579;UBFC_ADUM_ UBFC_86204
114384;UBFC_ADUM_ UBFC_86203
161069;UBFC_ADUM_ UBFC_86201
128240;UBFC_ADUM_ UBFC_86200
102509;UBFC_ADUM_ UBFC_86199
102517;UBFC_ADUM_ UBFC_86198
107227;UBFC_ADUM_ UBFC_86197
126234;UBFC_ADUM_ UBFC_86182
168868;UBFC_ADUM_ UBFC_86180
130529;UBFC_ADUM_ UBFC_86179
153781;UBFC_ADUM_ UBFC_86178
103185;UBFC_ADUM_ UBFC_86177
130389;UBFC_ADUM_ UBFC_86176
154435;UBFC_ADUM_ UBFC_86175
109168;UBFC_ADUM_ UBFC_86173
146352;UBFC_ADUM_ UBFC_86172
141733;UBFC_ADUM_ UBFC_86150
145442;UBFC_ADUM_ UBFC_86143
145404;UBFC_ADUM_ UBFC_86142
158425;UBFC_ADUM_ UBFC_86141
103654;UBFC_ADUM_ UBFC_86139
145318;UBFC_ADUM_ UBFC_86137
103168;UBFC_ADUM_ UBFC_86136
130576;UBFC_ADUM_ UBFC_86134
130072;UBFC_ADUM_ UBFC_86133
106796;UBFC_ADUM_ UBFC_86132
135903;UBFC_ADUM_ UBFC_86131
102863;UBFC_ADUM_ UBFC_86129
138300;UBFC_ADUM_ UBFC_86082
126410;UBFC_ADUM_ UBFC_86079
171616;UBFC_ADUM_ UBFC_86073
144223;UBFC_ADUM_ UBFC_86064
148331;UBFC_ADUM_ UBFC_86053
137264;UBFC_ADUM_ UBFC_86049
125946;UBFC_ADUM_ UBFC_86048
133583;UBFC_ADUM_ UBFC_86046
171717;UBFC_ADUM_ UBFC_86035
140996;UBFC_ADUM_ UBFC_85960
130634;UBFC_ADUM_ UBFC_85955
139878;UBFC_ADUM_ UBFC_85938
128498;UBFC_ADUM_ UBFC_85937
127958;UBFC_ADUM_ UBFC_85936
106470;UBFC_ADUM_ UBFC_85935
170463;UBFC_ADUM_ UBFC_85903
145450;UBFC_ADUM_ UBFC_85869
134004;UBFC_ADUM_ UBFC_85867
170868;UBFC_ADUM_ UBFC_85807
181119;UBFC_ADUM_ UBFC_85589
134087;UBFC_ADUM_ UBFC_85372
170717;UBFC_ADUM_ UBFC_85369
131002;UBFC_ADUM_ UBFC_85309
126454;UBFC_ADUM_ UBFC_85307
102898;UBFC_ADUM_ UBFC_85292
129512;UBFC_ADUM_ UBFC_85287
127957;UBFC_ADUM_ UBFC_85282
106473;UBFC_ADUM_ UBFC_85190
113485;UBFC_ADUM_ UBFC_85150
129817;UBFC_ADUM_ UBFC_85148
102923;UBFC_ADUM_ UBFC_85106
130220;UBFC_ADUM_ UBFC_85098
116309;UBFC_ADUM_ UBFC_85094
129388;UBFC_ADUM_ UBFC_85093
117435;UBFC_ADUM_ UBFC_85092
105650;UBFC_ADUM_ UBFC_85091
104526;UBFC_ADUM_ UBFC_85090
107165;UBFC_ADUM_ UBFC_85089
102904;UBFC_ADUM_ UBFC_85083
102921;UBFC_ADUM_ UBFC_85081
142214;UBFC_ADUM_ UBFC_85080
116764;UBFC_ADUM_ UBFC_85078
134874;UBFC_ADUM_ UBFC_85077
118894;UBFC_ADUM_ UBFC_85076
134037;UBFC_ADUM_ UBFC_85075
128219;UBFC_ADUM_ UBFC_85074
102896;UBFC_ADUM_ UBFC_85073
113399;UBFC_ADUM_ UBFC_85071
104322;UBFC_ADUM_ UBFC_85070
135158;UBFC_ADUM_ UBFC_85069
108432;UBFC_ADUM_ UBFC_85068
105356;UBFC_ADUM_ UBFC_85067
102890;UBFC_ADUM_ UBFC_85066
126409;UBFC_ADUM_ UBFC_85065
103713;UBFC_ADUM_ UBFC_85064
102888;UBFC_ADUM_ UBFC_85063
124426;UBFC_ADUM_ UBFC_85062
106414;UBFC_ADUM_ UBFC_85061
110872;UBFC_ADUM_ UBFC_85060
135059;UBFC_ADUM_ UBFC_85058
102886;UBFC_ADUM_ UBFC_85057
102885;UBFC_ADUM_ UBFC_85056
127737;UBFC_ADUM_ UBFC_85055
130394;UBFC_ADUM_ UBFC_85053
110974;UBFC_ADUM_ UBFC_85052
112610;UBFC_ADUM_ UBFC_85051
114312;UBFC_ADUM_ UBFC_85050
183358;UBFC_ADUM_ UBFC_85049
143909;UBFC_ADUM_ UBFC_85047
125806;UBFC_ADUM_ UBFC_85045
103500;UBFC_ADUM_ UBFC_85044
130670;UBFC_ADUM_ UBFC_85043
108988;UBFC_ADUM_ UBFC_85042
115027;UBFC_ADUM_ UBFC_85040
120395;UBFC_ADUM_ UBFC_85037
114282;UBFC_ADUM_ UBFC_85036
119158;UBFC_ADUM_ UBFC_85035
147053;UBFC_ADUM_ UBFC_85034
120396;UBFC_ADUM_ UBFC_85033
110853;UBFC_ADUM_ UBFC_85032
126391;UBFC_ADUM_ UBFC_85031
112607;UBFC_ADUM_ UBFC_85030
113527;UBFC_ADUM_ UBFC_85029
126393;UBFC_ADUM_ UBFC_85028
130221;UBFC_ADUM_ UBFC_85026
105667;UBFC_ADUM_ UBFC_85025
107542;UBFC_ADUM_ UBFC_85023
134926;UBFC_ADUM_ UBFC_85022
130024;UBFC_ADUM_ UBFC_85021
102846;UBFC_ADUM_ UBFC_85019
106037;UBFC_ADUM_ UBFC_85015
110864;UBFC_ADUM_ UBFC_85014
109804;UBFC_ADUM_ UBFC_85010
128540;UBFC_ADUM_ UBFC_85009
102833;UBFC_ADUM_ UBFC_85005
140260;UBFC_ADUM_ UBFC_85004
110971;UBFC_ADUM_ UBFC_85003
125805;UBFC_ADUM_ UBFC_85002
110775;UBFC_ADUM_ UBFC_85001
112634;UBFC_ADUM_ UBFC_85000
113123;UBFC_ADUM_ UBFC_84999
102843;UBFC_ADUM_ UBFC_84998
112633;UBFC_ADUM_ UBFC_84996
117971;UBFC_ADUM_ UBFC_84994
125790;UBFC_ADUM_ UBFC_84991
135179;UBFC_ADUM_ UBFC_84990
105994;UBFC_ADUM_ UBFC_84989
115005;UBFC_ADUM_ UBFC_84910
106323;UBFC_ADUM_ UBFC_84903
146972;UBFC_ADUM_ UBFC_84902
142388;UBFC_ADUM_ UBFC_84901
144923;UBFC_ADUM_ UBFC_84899
138989;UBFC_ADUM_ UBFC_84805
173534;UBFC_ADUM_ UBFC_84804
145742;UBFC_ADUM_ UBFC_84803
146682;UBFC_ADUM_ UBFC_84802
134961;UBFC_ADUM_ UBFC_84599
120906;UBFC_ADUM_ UBFC_84597
106253;UBFC_ADUM_ UBFC_84596
132075;UBFC_ADUM_ UBFC_84577
131984;UBFC_ADUM_ UBFC_84557
104528;UBFC_ADUM_ UBFC_84547
102831;UBFC_ADUM_ UBFC_84544
147597;UBFC_ADUM_ UBFC_84509
107138;UBFC_ADUM_ UBFC_84460
141328;UBFC_ADUM_ UBFC_84459
131182;UBFC_ADUM_ UBFC_84458
173237;UBFC_ADUM_ UBFC_84447
141013;UBFC_ADUM_ UBFC_84416
127008;UBFC_ADUM_ UBFC_84415
131316;UBFC_ADUM_ UBFC_84412
113495;UBFC_ADUM_ UBFC_84409
131334;UBFC_ADUM_ UBFC_84398
131628;UBFC_ADUM_ UBFC_84394
179535;UBFC_ADUM_ UBFC_84372
132885;UBFC_ADUM_ UBFC_84330
146702;UBFC_ADUM_ UBFC_84312
107883;UBFC_ADUM_ UBFC_84284
131145;UBFC_ADUM_ UBFC_84272
153301;UBFC_ADUM_ UBFC_84190
127882;UBFC_ADUM_ UBFC_84177
141308;UBFC_ADUM_ UBFC_84153
126382;UBFC_ADUM_ UBFC_84149
138557;UBFC_ADUM_ UBFC_84131
112623;UBFC_ADUM_ UBFC_84078
114026;UBFC_ADUM_ UBFC_84025
141823;UBFC_ADUM_ UBFC_84023
137178;UBFC_ADUM_ UBFC_84011
131040;UBFC_ADUM_ UBFC_83984
122273;UBFC_ADUM_ UBFC_83970
133981;UBFC_ADUM_ UBFC_83968
126150;UBFC_ADUM_ UBFC_83959
138390;UBFC_ADUM_ UBFC_83956
130397;UBFC_ADUM_ UBFC_83924
145553;UBFC_ADUM_ UBFC_83922
131947;UBFC_ADUM_ UBFC_83921
126161;UBFC_ADUM_ UBFC_83907
126712;UBFC_ADUM_ UBFC_83902
138606;UBFC_ADUM_ UBFC_83901
107497;UBFC_ADUM_ UBFC_83900
102565;UBFC_ADUM_ UBFC_83849
167338;UBFC_ADUM_ UBFC_83848
136924;UBFC_ADUM_ UBFC_83844
157905;UBFC_ADUM_ UBFC_83843
105449;UBFC_ADUM_ UBFC_83752
132063;UBFC_ADUM_ UBFC_83742
126364;UBFC_ADUM_ UBFC_83738
136523;UBFC_ADUM_ UBFC_83734
114649;UBFC_ADUM_ UBFC_83733
137054;UBFC_ADUM_ UBFC_83731
130700;UBFC_ADUM_ UBFC_83726
138926;UBFC_ADUM_ UBFC_83718
117446;UBFC_ADUM_ UBFC_83714
137053;UBFC_ADUM_ UBFC_83691
123316;UBFC_ADUM_ UBFC_83666
131657;UBFC_ADUM_ UBFC_83661
171377;UBFC_ADUM_ UBFC_83603
163157;UBFC_ADUM_ UBFC_83581
128520;UBFC_ADUM_ UBFC_83554
131627;UBFC_ADUM_ UBFC_83530
124192;UBFC_ADUM_ UBFC_83478
175895;UBFC_ADUM_ UBFC_83403
183003;UBFC_ADUM_ UBFC_83398
157178;UBFC_ADUM_ UBFC_83390
142121;UBFC_ADUM_ UBFC_83388
172635;UBFC_ADUM_ UBFC_83365
119903;UBFC_ADUM_ UBFC_83364
109046;UBFC_ADUM_ UBFC_83292
131728;UBFC_ADUM_ UBFC_83289
130633;UBFC_ADUM_ UBFC_83215
108348;UBFC_ADUM_ UBFC_83155
130200;UBFC_ADUM_ UBFC_83147
153595;UBFC_ADUM_ UBFC_83107
139407;UBFC_ADUM_ UBFC_83106
136261;UBFC_ADUM_ UBFC_83044
107635;UBFC_ADUM_ UBFC_83039
103858;UBFC_ADUM_ UBFC_83034
108123;UBFC_ADUM_ UBFC_83030
129428;UBFC_ADUM_ UBFC_83023
125945;UBFC_ADUM_ UBFC_83020
174658;UBFC_ADUM_ UBFC_83017
166144;UBFC_ADUM_ UBFC_83014
129829;UBFC_ADUM_ UBFC_82996
137490;UBFC_ADUM_ UBFC_82995
102830;UBFC_ADUM_ UBFC_82994
113501;UBFC_ADUM_ UBFC_82986
113478;UBFC_ADUM_ UBFC_82982
138383;UBFC_ADUM_ UBFC_82977
107424;UBFC_ADUM_ UBFC_82975
109569;UBFC_ADUM_ UBFC_82973
103627;UBFC_ADUM_ UBFC_82970
107225;UBFC_ADUM_ UBFC_82964
122720;UBFC_ADUM_ UBFC_82900
110856;UBFC_ADUM_ UBFC_82885
130791;UBFC_ADUM_ UBFC_82873
109555;UBFC_ADUM_ UBFC_82845
146477;UBFC_ADUM_ UBFC_82838
172287;UBFC_ADUM_ UBFC_82823
137548;UBFC_ADUM_ UBFC_82817
130314;UBFC_ADUM_ UBFC_82771
148753;UBFC_ADUM_ UBFC_82770
124430;UBFC_ADUM_ UBFC_82742
167435;UBFC_ADUM_ UBFC_82734
129713;UBFC_ADUM_ UBFC_82733
109689;UBFC_ADUM_ UBFC_82697
106019;UBFC_ADUM_ UBFC_82683
114641;UBFC_ADUM_ UBFC_82681
130621;UBFC_ADUM_ UBFC_82680
136681;UBFC_ADUM_ UBFC_82679
135052;UBFC_ADUM_ UBFC_82610
102877;UBFC_ADUM_ UBFC_82574
107075;UBFC_ADUM_ UBFC_82569
121806;UBFC_ADUM_ UBFC_82566
111727;UBFC_ADUM_ UBFC_82561
147411;UBFC_ADUM_ UBFC_82531
109095;UBFC_ADUM_ UBFC_82518
102856;UBFC_ADUM_ UBFC_82403
113205;UBFC_ADUM_ UBFC_82400
147477;UBFC_ADUM_ UBFC_82395
171676;UBFC_ADUM_ UBFC_82373
106393;UBFC_ADUM_ UBFC_82078
166186;UBFC_ADUM_ UBFC_82077
149268;UBFC_ADUM_ UBFC_81997
120522;UBFC_ADUM_ UBFC_81994
102853;UBFC_ADUM_ UBFC_81992
117240;UBFC_ADUM_ UBFC_81991
129870;UBFC_ADUM_ UBFC_81989
146584;UBFC_ADUM_ UBFC_81988
131504;UBFC_ADUM_ UBFC_81987
116626;UBFC_ADUM_ UBFC_81892
105730;UBFC_ADUM_ UBFC_81891
103270;UBFC_ADUM_ UBFC_81883
130589;UBFC_ADUM_ UBFC_81880
120973;UBFC_ADUM_ UBFC_81879
102837;UBFC_ADUM_ UBFC_81878
126805;UBFC_ADUM_ UBFC_81874
113503;UBFC_ADUM_ UBFC_81862
108999;UBFC_ADUM_ UBFC_81860
109005;UBFC_ADUM_ UBFC_81857
165551;UBFC_ADUM_ UBFC_81848
114652;UBFC_ADUM_ UBFC_81847
125753;UBFC_ADUM_ UBFC_81825
146359;UBFC_ADUM_ UBFC_81752
113975;UBFC_ADUM_ UBFC_81748
144932;UBFC_ADUM_ UBFC_81746
139494;UBFC_ADUM_ UBFC_81729
109140;UBFC_ADUM_ UBFC_81728
130514;UBFC_ADUM_ UBFC_81726
124261;UBFC_ADUM_ UBFC_81725
143699;UBFC_ADUM_ UBFC_81719
109705;UBFC_ADUM_ UBFC_81709
132594;UBFC_ADUM_ UBFC_81633
112693;UBFC_ADUM_ UBFC_81545
126710;UBFC_ADUM_ UBFC_81544
143405;UBFC_ADUM_ UBFC_81543
130873;UBFC_ADUM_ UBFC_81542
129712;UBFC_ADUM_ UBFC_81541
134719;UBFC_ADUM_ UBFC_81389
137137;UBFC_ADUM_ UBFC_81388
124712;UBFC_ADUM_ UBFC_81386
131470;UBFC_ADUM_ UBFC_81384
140926;UBFC_ADUM_ UBFC_81383
131269;UBFC_ADUM_ UBFC_81381
103843;UBFC_ADUM_ UBFC_81322
138973;UBFC_ADUM_ UBFC_81243
130135;UBFC_ADUM_ UBFC_81219
130367;UBFC_ADUM_ UBFC_81218
129444;UBFC_ADUM_ UBFC_81212
108360;UBFC_ADUM_ UBFC_81146
162907;UBFC_ADUM_ UBFC_81109
125000;UBFC_ADUM_ UBFC_81108
137187;UBFC_ADUM_ UBFC_81107
114418;UBFC_ADUM_ UBFC_81068
113512;UBFC_ADUM_ UBFC_81055
106694;UBFC_ADUM_ UBFC_81051
126892;UBFC_ADUM_ UBFC_81016
131807;UBFC_ADUM_ UBFC_80931
109706;UBFC_ADUM_ UBFC_80930
117751;UBFC_ADUM_ UBFC_80911
102926;UBFC_ADUM_ UBFC_80905
102906;UBFC_ADUM_ UBFC_80902
103246;UBFC_ADUM_ UBFC_80901
119130;UBFC_ADUM_ UBFC_80899
125266;UBFC_ADUM_ UBFC_80895
102901;UBFC_ADUM_ UBFC_80892
120972;UBFC_ADUM_ UBFC_80885
109141;UBFC_ADUM_ UBFC_80871
114126;UBFC_ADUM_ UBFC_80868
102861;UBFC_ADUM_ UBFC_80794
134933;UBFC_ADUM_ UBFC_80792
120983;UBFC_ADUM_ UBFC_80695
121467;UBFC_ADUM_ UBFC_80693
134095;UBFC_ADUM_ UBFC_80689
103585;UBFC_ADUM_ UBFC_80688
107001;UBFC_ADUM_ UBFC_80662
135505;UBFC_ADUM_ UBFC_80654
126411;UBFC_ADUM_ UBFC_80538
131300;UBFC_ADUM_ UBFC_80518
129701;UBFC_ADUM_ UBFC_80517
102927;UBFC_ADUM_ UBFC_80516
130520;UBFC_ADUM_ UBFC_80515
102844;UBFC_ADUM_ UBFC_80513
143822;UBFC_ADUM_ UBFC_80509
128508;UBFC_ADUM_ UBFC_80503
138253;UBFC_ADUM_ UBFC_80500
122942;UBFC_ADUM_ UBFC_80493
102852;UBFC_ADUM_ UBFC_80490
102834;UBFC_ADUM_ UBFC_80453
125813;UBFC_ADUM_ UBFC_80449
106258;UBFC_ADUM_ UBFC_80445
126961;UBFC_ADUM_ UBFC_80443
171962;UBFC_ADUM_ UBFC_80395
107600;UBFC_ADUM_ UBFC_80389
102889;UBFC_ADUM_ UBFC_80373
117956;UBFC_ADUM_ UBFC_80361
103100;UBFC_ADUM_ UBFC_80294
126067;UBFC_ADUM_ UBFC_80293
141375;UBFC_ADUM_ UBFC_80291
152472;UBFC_ADUM_ UBFC_80290
126005;UBFC_ADUM_ UBFC_80289
130776;UBFC_ADUM_ UBFC_80288
128505;UBFC_ADUM_ UBFC_80287
125682;UBFC_ADUM_ UBFC_80286
109635;UBFC_ADUM_ UBFC_80257
149196;UBFC_ADUM_ UBFC_80233
106351;UBFC_ADUM_ UBFC_80169
141326;UBFC_ADUM_ UBFC_80167
130213;UBFC_ADUM_ UBFC_80153
139947;UBFC_ADUM_ UBFC_80142
170464;UBFC_ADUM_ UBFC_80111
131597;UBFC_ADUM_ UBFC_80096
131879;UBFC_ADUM_ UBFC_80052
180621;UBFC_ADUM_ UBFC_80050
127845;UBFC_ADUM_ UBFC_80043
121804;UBFC_ADUM_ UBFC_80025
107098;UBFC_ADUM_ UBFC_80000
108530;UBFC_ADUM_ UBFC_79978
131297;UBFC_ADUM_ UBFC_79977
126606;UBFC_ADUM_ UBFC_79958
139863;UBFC_ADUM_ UBFC_79949
123140;UBFC_ADUM_ UBFC_79853
129853;UBFC_ADUM_ UBFC_79825
109688;UBFC_ADUM_ UBFC_79819
154761;UBFC_ADUM_ UBFC_79818
138138;UBFC_ADUM_ UBFC_79817
112017;UBFC_ADUM_ UBFC_79816
130203;UBFC_ADUM_ UBFC_79812
127523;UBFC_ADUM_ UBFC_79782
121266;UBFC_ADUM_ UBFC_79781
140606;UBFC_ADUM_ UBFC_79750
136829;UBFC_ADUM_ UBFC_79742
136226;UBFC_ADUM_ UBFC_79739
137085;UBFC_ADUM_ UBFC_79737
124358;UBFC_ADUM_ UBFC_79735
123684;UBFC_ADUM_ UBFC_79706
130374;UBFC_ADUM_ UBFC_79668
153567;UBFC_ADUM_ UBFC_79666
127010;UBFC_ADUM_ UBFC_79665
124077;UBFC_ADUM_ UBFC_79662
136889;UBFC_ADUM_ UBFC_79647
102845;UBFC_ADUM_ UBFC_79573
144785;UBFC_ADUM_ UBFC_79554
116121;UBFC_ADUM_ UBFC_79530
116119;UBFC_ADUM_ UBFC_79529
105715;UBFC_ADUM_ UBFC_79528
141724;UBFC_ADUM_ UBFC_79482
130063;UBFC_ADUM_ UBFC_79452
172336;UBFC_ADUM_ UBFC_79445
130936;UBFC_ADUM_ UBFC_79442
102838;UBFC_ADUM_ UBFC_79433
148990;UBFC_ADUM_ UBFC_79431
126094;UBFC_ADUM_ UBFC_79415
141383;UBFC_ADUM_ UBFC_79374
127738;UBFC_ADUM_ UBFC_79340
148049;UBFC_ADUM_ UBFC_79303
127089;UBFC_ADUM_ UBFC_79265
151833;UBFC_ADUM_ UBFC_79258
129860;UBFC_ADUM_ UBFC_79257
141323;UBFC_ADUM_ UBFC_79251
111820;UBFC_ADUM_ UBFC_79248
173089;UBFC_ADUM_ UBFC_79234
139684;UBFC_ADUM_ UBFC_79233
145109;UBFC_ADUM_ UBFC_79136
156920;UBFC_ADUM_ UBFC_79134
134519;UBFC_ADUM_ UBFC_79129
171448;UBFC_ADUM_ UBFC_78991
103878;UBFC_ADUM_ UBFC_78941
105560;UBFC_ADUM_ UBFC_78934
113841;UBFC_ADUM_ UBFC_78931
140865;UBFC_ADUM_ UBFC_78930
106255;UBFC_ADUM_ UBFC_78929
105169;UBFC_ADUM_ UBFC_78928
116271;UBFC_ADUM_ UBFC_78927
102510;UBFC_ADUM_ UBFC_78921
102925;UBFC_ADUM_ UBFC_78920
126414;UBFC_ADUM_ UBFC_78919
102512;UBFC_ADUM_ UBFC_78918
126538;UBFC_ADUM_ UBFC_78917
113840;UBFC_ADUM_ UBFC_78914
102920;UBFC_ADUM_ UBFC_78913
124142;UBFC_ADUM_ UBFC_78912
110346;UBFC_ADUM_ UBFC_78911
112696;UBFC_ADUM_ UBFC_78910
103242;UBFC_ADUM_ UBFC_78904
102900;UBFC_ADUM_ UBFC_78901
102899;UBFC_ADUM_ UBFC_78900
102513;UBFC_ADUM_ UBFC_78898
125661;UBFC_ADUM_ UBFC_78897
127344;UBFC_ADUM_ UBFC_78896
104525;UBFC_ADUM_ UBFC_78892
120071;UBFC_ADUM_ UBFC_78891
113824;UBFC_ADUM_ UBFC_78890
105808;UBFC_ADUM_ UBFC_78889
122924;UBFC_ADUM_ UBFC_78888
110405;UBFC_ADUM_ UBFC_78886
102809;UBFC_ADUM_ UBFC_78884
113826;UBFC_ADUM_ UBFC_78883
105190;UBFC_ADUM_ UBFC_78882
122406;UBFC_ADUM_ UBFC_78880
102894;UBFC_ADUM_ UBFC_78879
103805;UBFC_ADUM_ UBFC_78878
113278;UBFC_ADUM_ UBFC_78877
113536;UBFC_ADUM_ UBFC_78876
102937;UBFC_ADUM_ UBFC_78875
123139;UBFC_ADUM_ UBFC_78873
125280;UBFC_ADUM_ UBFC_78872
125750;UBFC_ADUM_ UBFC_78871
102873;UBFC_ADUM_ UBFC_78870
102528;UBFC_ADUM_ UBFC_78869
123802;UBFC_ADUM_ UBFC_78868
125723;UBFC_ADUM_ UBFC_78867
136228;UBFC_ADUM_ UBFC_78866
109107;UBFC_ADUM_ UBFC_78865
119161;UBFC_ADUM_ UBFC_78861
102872;UBFC_ADUM_ UBFC_78858
120424;UBFC_ADUM_ UBFC_78857
125936;UBFC_ADUM_ UBFC_78856
127058;UBFC_ADUM_ UBFC_78854
113839;UBFC_ADUM_ UBFC_78852
117902;UBFC_ADUM_ UBFC_78850
102868;UBFC_ADUM_ UBFC_78846
102526;UBFC_ADUM_ UBFC_78844
122383;UBFC_ADUM_ UBFC_78843
127948;UBFC_ADUM_ UBFC_78842
117434;UBFC_ADUM_ UBFC_78841
102864;UBFC_ADUM_ UBFC_78836
120426;UBFC_ADUM_ UBFC_78835
111043;UBFC_ADUM_ UBFC_78833
114163;UBFC_ADUM_ UBFC_78832
113375;UBFC_ADUM_ UBFC_78830
110483;UBFC_ADUM_ UBFC_78829
133315;UBFC_ADUM_ UBFC_78827
120189;UBFC_ADUM_ UBFC_78825
113817;UBFC_ADUM_ UBFC_78824
115302;UBFC_ADUM_ UBFC_78822
102850;UBFC_ADUM_ UBFC_78821
120075;UBFC_ADUM_ UBFC_78820
119920;UBFC_ADUM_ UBFC_78818
102848;UBFC_ADUM_ UBFC_78817
119064;UBFC_ADUM_ UBFC_78816
120423;UBFC_ADUM_ UBFC_78815
111382;UBFC_ADUM_ UBFC_78813
109546;UBFC_ADUM_ UBFC_78812
120940;UBFC_ADUM_ UBFC_78806
106472;UBFC_ADUM_ UBFC_78805
114308;UBFC_ADUM_ UBFC_78804
128597;UBFC_ADUM_ UBFC_78803
111237;UBFC_ADUM_ UBFC_78802
126717;UBFC_ADUM_ UBFC_78801
118834;UBFC_ADUM_ UBFC_78800
123787;UBFC_ADUM_ UBFC_78799
121626;UBFC_ADUM_ UBFC_78797
117970;UBFC_ADUM_ UBFC_78796
106471;UBFC_ADUM_ UBFC_78751
114311;UBFC_ADUM_ UBFC_78749
105209;UBFC_ADUM_ UBFC_78747
111813;UBFC_ADUM_ UBFC_78727
102527;UBFC_ADUM_ UBFC_78718
114162;UBFC_ADUM_ UBFC_78717
104515;UBFC_ADUM_ UBFC_78715
102511;UBFC_ADUM_ UBFC_78714
102860;UBFC_ADUM_ UBFC_78713
108511;UBFC_ADUM_ UBFC_78704
129130;UBFC_ADUM_ UBFC_78703
125920;UBFC_ADUM_ UBFC_78560
109967;UBFC_ADUM_ UBFC_78514
146711;UBFC_ADUM_ UBFC_78513
123816;UBFC_ADUM_ UBFC_78509
124313;UBFC_ADUM_ UBFC_78508
157206;UBFC_ADUM_ UBFC_78507
126134;UBFC_ADUM_ UBFC_78491
111192;UBFC_ADUM_ UBFC_78371
120298;UBFC_ADUM_ UBFC_78368
116120;UBFC_ADUM_ UBFC_78367
146940;UBFC_ADUM_ UBFC_78304
121685;UBFC_ADUM_ UBFC_78296
102878;UBFC_ADUM_ UBFC_78294
120891;UBFC_ADUM_ UBFC_78293
107108;UBFC_ADUM_ UBFC_78292
102869;UBFC_ADUM_ UBFC_78290
128145;UBFC_ADUM_ UBFC_78282
116056;UBFC_ADUM_ UBFC_78279
102879;UBFC_ADUM_ UBFC_78278
128519;UBFC_ADUM_ UBFC_78276
142629;UBFC_ADUM_ UBFC_78275
131384;UBFC_ADUM_ UBFC_78274
122149;UBFC_ADUM_ UBFC_78272
121826;UBFC_ADUM_ UBFC_78265
104561;UBFC_ADUM_ UBFC_78262
102905;UBFC_ADUM_ UBFC_78254
102928;UBFC_ADUM_ UBFC_78253
102882;UBFC_ADUM_ UBFC_78252
102743;UBFC_ADUM_ UBFC_78250
116361;UBFC_ADUM_ UBFC_78247
126800;UBFC_ADUM_ UBFC_78243
116124;UBFC_ADUM_ UBFC_78241
122051;UBFC_ADUM_ UBFC_78240
125699;UBFC_ADUM_ UBFC_78238
102922;UBFC_ADUM_ UBFC_78235
105450;UBFC_ADUM_ UBFC_78231
119596;UBFC_ADUM_ UBFC_78214
156379;UBFC_ADUM_ UBFC_78213
103527;UBFC_ADUM_ UBFC_78211
106060;UBFC_ADUM_ UBFC_78207
105232;UBFC_ADUM_ UBFC_78206
109542;UBFC_ADUM_ UBFC_78204
103890;UBFC_ADUM_ UBFC_78203
111590;UBFC_ADUM_ UBFC_78202
107317;UBFC_ADUM_ UBFC_78200
106102;UBFC_ADUM_ UBFC_78198
104122;UBFC_ADUM_ UBFC_78197
105085;UBFC_ADUM_ UBFC_78196
108509;UBFC_ADUM_ UBFC_78194
105296;UBFC_ADUM_ UBFC_78180
102875;UBFC_ADUM_ UBFC_78174
116888;UBFC_ADUM_ UBFC_78166
134272;UBFC_ADUM_ UBFC_78164
132134;UBFC_ADUM_ UBFC_78139
130008;UBFC_ADUM_ UBFC_78137
102919;UBFC_ADUM_ UBFC_78136
109045;UBFC_ADUM_ UBFC_78131
111570;UBFC_ADUM_ UBFC_78122
105301;UBFC_ADUM_ UBFC_78095
113559;UBFC_ADUM_ UBFC_78094
102874;UBFC_ADUM_ UBFC_78093
113330;UBFC_ADUM_ UBFC_78080
133488;UBFC_ADUM_ UBFC_78071
102891;UBFC_ADUM_ UBFC_78056
102924;UBFC_ADUM_ UBFC_78055
111437;UBFC_ADUM_ UBFC_78054
123065;UBFC_ADUM_ UBFC_78053
128241;UBFC_ADUM_ UBFC_78052
122125;UBFC_ADUM_ UBFC_78050
134150;UBFC_ADUM_ UBFC_78040
111910;UBFC_ADUM_ UBFC_78039
114300;UBFC_ADUM_ UBFC_78031
107109;UBFC_ADUM_ UBFC_78030
122161;UBFC_ADUM_ UBFC_78019
102851;UBFC_ADUM_ UBFC_78018
116363;UBFC_ADUM_ UBFC_78017
104432;UBFC_ADUM_ UBFC_78012
162169;UBFC_ADUM_ UBFC_77997
118234;UBFC_ADUM_ UBFC_77996
109492;UBFC_ADUM_ UBFC_77995
117957;UBFC_ADUM_ UBFC_77968
132309;UBFC_ADUM_ UBFC_77949
140207;UBFC_ADUM_ UBFC_77946
120885;UBFC_ADUM_ UBFC_77945
116285;UBFC_ADUM_ UBFC_77944
102732;UBFC_ADUM_ UBFC_77941
131969;UBFC_ADUM_ UBFC_77847
102895;UBFC_ADUM_ UBFC_77841
116982;UBFC_ADUM_ UBFC_77839
126685;UBFC_ADUM_ UBFC_77837
103076;UBFC_ADUM_ UBFC_77789
114269;UBFC_ADUM_ UBFC_77786
126792;UBFC_ADUM_ UBFC_77785
116466;UBFC_ADUM_ UBFC_77784
157182;UBFC_ADUM_ UBFC_77772
107117;UBFC_ADUM_ UBFC_77770
102855;UBFC_ADUM_ UBFC_77765
126931;UBFC_ADUM_ UBFC_77760
123863;UBFC_ADUM_ UBFC_77759
139806;UBFC_ADUM_ UBFC_77754
116055;UBFC_ADUM_ UBFC_77743
106505;UBFC_ADUM_ UBFC_77740
105388;UBFC_ADUM_ UBFC_77718
102835;UBFC_ADUM_ UBFC_77711
120148;UBFC_ADUM_ UBFC_77588
122389;UBFC_ADUM_ UBFC_77587
122141;UBFC_ADUM_ UBFC_77575
146698;UBFC_ADUM_ UBFC_77574
114637;UBFC_ADUM_ UBFC_77573
111555;UBFC_ADUM_ UBFC_77569
105780;UBFC_ADUM_ UBFC_77568
150765;UBFC_ADUM_ UBFC_77566
111014;UBFC_ADUM_ UBFC_77565
107496;UBFC_ADUM_ UBFC_77563
109708;UBFC_ADUM_ UBFC_77549
127525;UBFC_ADUM_ UBFC_77525
114277;UBFC_ADUM_ UBFC_77523
107818;UBFC_ADUM_ UBFC_77521
102897;UBFC_ADUM_ UBFC_77519
102929;UBFC_ADUM_ UBFC_77516
110955;UBFC_ADUM_ UBFC_77514
123524;UBFC_ADUM_ UBFC_77504
122150;UBFC_ADUM_ UBFC_77502
130398;UBFC_ADUM_ UBFC_77500
118848;UBFC_ADUM_ UBFC_77499
110924;UBFC_ADUM_ UBFC_77497
146150;UBFC_ADUM_ UBFC_77495
111911;UBFC_ADUM_ UBFC_77494
122271;UBFC_ADUM_ UBFC_77492
120246;UBFC_ADUM_ UBFC_77488
124875;UBFC_ADUM_ UBFC_77486
130654;UBFC_ADUM_ UBFC_77484
105317;UBFC_ADUM_ UBFC_77482
116122;UBFC_ADUM_ UBFC_77481
102871;UBFC_ADUM_ UBFC_77448
116703;UBFC_ADUM_ UBFC_77446
116300;UBFC_ADUM_ UBFC_77443
104709;UBFC_ADUM_ UBFC_77438
102847;UBFC_ADUM_ UBFC_77436
156942;UBFC_ADUM_ UBFC_77435
102876;UBFC_ADUM_ UBFC_77431
126565;UBFC_ADUM_ UBFC_77425
125698;UBFC_ADUM_ UBFC_77423
102862;UBFC_ADUM_ UBFC_77391
154454;UBFC_ADUM_ UBFC_77344
156913;UBFC_ADUM_ UBFC_77219
122128;UBFC_ADUM_ UBFC_77217
156477;UBFC_ADUM_ UBFC_77215
122114;UBFC_ADUM_ UBFC_77214
125815;UBFC_ADUM_ UBFC_77170
102866;UBFC_ADUM_ UBFC_77091
102836;UBFC_ADUM_ UBFC_77090
114112;UBFC_ADUM_ UBFC_77089
138541;UBFC_ADUM_ UBFC_76649
138064;UBFC_ADUM_ UBFC_76438
113502;UBFC_ADUM_ UBFC_74713
142141;UBFC_ADUM_ UBFC_74527
139370;UBFC_ADUM_ UBFC_74127
171480;UBFC_ADUM_ UBFC_73642
134816;UBFC_ADUM_ UBFC_73619
106842;UBFC_ADUM_ UBFC_73445
144322;UBFC_ADUM_ UBFC_73333
179550;UBFC_ADUM_ UBFC_73118
160122;UBFC_ADUM_ UBFC_73016
119190;UBFC_ADUM_ UBFC_73015
142106;UBFC_ADUM_ UBFC_73005
106843;UBFC_ADUM_ UBFC_72989
107857;UBFC_ADUM_ UBFC_72941
166805;UBFC_ADUM_ UBFC_72940
120104;UBFC_ADUM_ UBFC_72609
165467;UBFC_ADUM_ UBFC_71991
170741;UBFC_ADUM_ UBFC_71990
132233;UBFC_ADUM_ UBFC_71986
170494;UBFC_ADUM_ UBFC_71984
181744;UBFC_ADUM_ UBFC_69902
181302;UBFC_ADUM_ UBFC_69863
129702;UBFC_ADUM_ UBFC_69785
131161;UBFC_ADUM_ UBFC_69485
165459;UBFC_ADUM_ UBFC_69007
148319;UBFC_ADUM_ UBFC_68949
165497;UBFC_ADUM_ UBFC_68842
146206;UBFC_ADUM_ UBFC_68841
181743;UBFC_ADUM_ UBFC_68840
121590;UBFC_ADUM_ UBFC_68205
141324;UBFC_ADUM_ UBFC_66816
106356;UBFC_ADUM_ UBFC_66767
107494;UBFC_ADUM_ UBFC_66524
107495;UBFC_ADUM_ UBFC_66523
131931;UBFC_ADUM_ UBFC_66196
102892;UBFC_ADUM_ UBFC_66137
126113;UBFC_ADUM_ UBFC_66039
153799;UBFC_ADUM_ UBFC_66008
146504;UBFC_ADUM_ UBFC_65992
153809;UBFC_ADUM_ UBFC_65964
145308;UBFC_ADUM_ UBFC_65786
180345;UBFC_ADUM_ UBFC_65717
155896;UBFC_ADUM_ UBFC_65634
110721;UBFC_ADUM_ UBFC_65614
118054;UBFC_ADUM_ UBFC_65450
114233;UBFC_ADUM_ UBFC_65340
117729;UBFC_ADUM_ UBFC_65257
141347;UBFC_ADUM_ UBFC_65120
143987;UBFC_ADUM_ UBFC_64637
165617;UBFC_ADUM_ UBFC_64360
141359;UBFC_ADUM_ UBFC_64133
115626;UBFC_ADUM_ UBFC_63969
119954;UBFC_ADUM_ UBFC_63958
171436;UBFC_ADUM_ UBFC_63928
140889;UBFC_ADUM_ UBFC_63913
142408;UBFC_ADUM_ UBFC_63847
115624;UBFC_ADUM_ UBFC_63602
160200;UBFC_ADUM_ UBFC_63442
142869;UBFC_ADUM_ UBFC_63414
170742;UBFC_ADUM_ UBFC_63213
102887;UBFC_ADUM_ UBFC_63003
127087;UBFC_ADUM_ UBFC_62849
145113;UBFC_ADUM_ UBFC_59535
160198;UBFC_ADUM_ UBFC_59240
127090;UBFC_ADUM_ UBFC_59227
118609;UBFC_ADUM_ UBFC_59203
114247;UBFC_ADUM_ UBFC_59162
128042;UBFC_ADUM_ UBFC_59129
152128;UBFC_ADUM_ UBFC_59128
105853;UBFC_ADUM_ UBFC_58772
132221;UBFC_ADUM_ UBFC_58605
111202;UBFC_ADUM_ UBFC_58603
110607;UBFC_ADUM_ UBFC_58315
125637;UBFC_ADUM_ UBFC_58264
152465;UBFC_ADUM_ UBFC_58109
146027;UBFC_ADUM_ UBFC_57440
131940;UBFC_ADUM_ UBFC_57416
152493;UBFC_ADUM_ UBFC_57283
114690;UBFC_ADUM_ UBFC_57114
122402;UBFC_ADUM_ UBFC_57031
114757;UBFC_ADUM_ UBFC_57016
157777;UBFC_ADUM_ UBFC_56796
149356;UBFC_ADUM_ UBFC_56725
104131;UBFC_ADUM_ UBFC_56567
148010;UBFC_ADUM_ UBFC_56566
184238;UBFC_ADUM_ UBFC_56430
124459;UBFC_ADUM_ UBFC_56404
114238;UBFC_ADUM_ UBFC_56329
102832;UBFC_ADUM_ UBFC_54505
114251;UBFC_ADUM_ UBFC_54223
124429;UBFC_ADUM_ UBFC_54166
120898;UBFC_ADUM_ UBFC_54102
128594;UBFC_ADUM_ UBFC_53942
113836;UBFC_ADUM_ UBFC_53787
131160;UBFC_ADUM_ UBFC_53778
109570;UBFC_ADUM_ UBFC_53705
109120;UBFC_ADUM_ UBFC_53465
114706;UBFC_ADUM_ UBFC_53155
138966;UBFC_ADUM_ UBFC_52825
111259;UBFC_ADUM_ UBFC_52816
133159;UBFC_ADUM_ UBFC_52450
114250;UBFC_ADUM_ UBFC_52330
102883;UBFC_ADUM_ UBFC_52317
102854;UBFC_ADUM_ UBFC_51887
102893;UBFC_ADUM_ UBFC_51649
102884;UBFC_ADUM_ UBFC_51497
105658;UBFC_ADUM_ UBFC_51356
119477;UBFC_ADUM_ UBFC_51169
122719;UBFC_ADUM_ UBFC_51130
126095;UBFC_ADUM_ UBFC_51020
107472;UBFC_ADUM_ UBFC_50917
102880;UBFC_ADUM_ UBFC_50316
139633;UBFC_ADUM_ UBFC_50256
114235;UBFC_ADUM_ UBFC_44909
160533;UBFC_ADUM_ UBFC_44589
102859;UBFC_ADUM_ UBFC_44223
114708;UBFC_ADUM_ UBFC_44096
133708;UBFC_ADUM_ UBFC_43979
114252;UBFC_ADUM_ UBFC_43867
102849;UBFC_ADUM_ UBFC_43845
139638;UBFC_ADUM_ UBFC_43785
128642;UBFC_ADUM_ UBFC_43391
126798;UBFC_ADUM_ UBFC_42700
125263;UBFC_ADUM_ UBFC_42673
111200;UBFC_ADUM_ UBFC_42325
115103;UBFC_ADUM_ UBFC_42078
114635;UBFC_ADUM_ UBFC_41729
102867;UBFC_ADUM_ UBFC_38628
114707;UBFC_ADUM_ UBFC_37419
102794;UBFC_ADUM_ UBFC_36800
114259;UBFC_ADUM_ UBFC_36799
110470;UBFC_ADUM_ UBFC_36797
103243;UBFC_ADUM_ UBFC_36173
115990;UBFC_ADUM_ UBFC_33653
149419;UBFC_ADUM_ UBFC_121774
160084;UBFC_ADUM_ UBFC_121359
177502;UBFC_ADUM_ UBFC_120694
145832;UBFC_ADUM_ UBFC_120624
180454;UBFC_ADUM_ UBFC_119314
173728;UBFC_ADUM_ UBFC_117074
184560;UBFC_ADUM_ UBFC_114478
180647;UBFC_ADUM_ UBFC_114069
166844;UBFC_ADUM_ UBFC_113831
179213;UBFC_ADUM_ UBFC_113816
185993;UBFC_ADUM_ UBFC_113002
184342;UBFC_ADUM_ UBFC_112148
185377;UBFC_ADUM_ UBFC_111748
181213;UBFC_ADUM_ UBFC_109759
183563;UBFC_ADUM_ UBFC_109232
178218;UBFC_ADUM_ UBFC_109149
174010;UBFC_ADUM_ UBFC_109138
155244;UBFC_ADUM_ UBFC_109107
180940;UBFC_ADUM_ UBFC_108505
173684;UBFC_ADUM_ UBFC_108486
184960;UBFC_ADUM_ UBFC_108465
166065;UBFC_ADUM_ UBFC_108342
185122;UBFC_ADUM_ UBFC_108280
184816;UBFC_ADUM_ UBFC_108148
177195;UBFC_ADUM_ UBFC_108118
170325;UBFC_ADUM_ UBFC_107966
185522;UBFC_ADUM_ UBFC_107762
179750;UBFC_ADUM_ UBFC_107710
184042;UBFC_ADUM_ UBFC_107543
181838;UBFC_ADUM_ UBFC_107528
181365;UBFC_ADUM_ UBFC_107527
146990;UBFC_ADUM_ UBFC_107392
169620;UBFC_ADUM_ UBFC_107370
160119;UBFC_ADUM_ UBFC_107199
184769;UBFC_ADUM_ UBFC_107191
158951;UBFC_ADUM_ UBFC_107190
164643;UBFC_ADUM_ UBFC_107167
160120;UBFC_ADUM_ UBFC_107151
184055;UBFC_ADUM_ UBFC_107148
179037;UBFC_ADUM_ UBFC_107118
169852;UBFC_ADUM_ UBFC_107092
178086;UBFC_ADUM_ UBFC_107078
184522;UBFC_ADUM_ UBFC_107076
160117;UBFC_ADUM_ UBFC_107075
171632;UBFC_ADUM_ UBFC_107072
183847;UBFC_ADUM_ UBFC_107071
160422;UBFC_ADUM_ UBFC_107067
170047;UBFC_ADUM_ UBFC_107063
185826;UBFC_ADUM_ UBFC_106850
186109;UBFC_ADUM_ UBFC_106847
164543;UBFC_ADUM_ UBFC_106845
163159;UBFC_ADUM_ UBFC_106843
155301;UBFC_ADUM_ UBFC_106606
172189;UBFC_ADUM_ UBFC_106275
165199;UBFC_ADUM_ UBFC_106130
173106;UBFC_ADUM_ UBFC_106125
171069;UBFC_ADUM_ UBFC_106120
173078;UBFC_ADUM_ UBFC_106117
186696;UBFC_ADUM_ UBFC_106106
183195;UBFC_ADUM_ UBFC_105939
171328;UBFC_ADUM_ UBFC_105858
186577;UBFC_ADUM_ UBFC_105784
172839;UBFC_ADUM_ UBFC_105754
182378;UBFC_ADUM_ UBFC_105704
166929;UBFC_ADUM_ UBFC_105623
167286;UBFC_ADUM_ UBFC_105622
184937;UBFC_ADUM_ UBFC_105589
155946;UBFC_ADUM_ UBFC_105560
173046;UBFC_ADUM_ UBFC_105559
174720;UBFC_ADUM_ UBFC_105555
184511;UBFC_ADUM_ UBFC_105554
172300;UBFC_ADUM_ UBFC_105480
180297;UBFC_ADUM_ UBFC_105471
172505;UBFC_ADUM_ UBFC_105465
176390;UBFC_ADUM_ UBFC_105461
169064;UBFC_ADUM_ UBFC_105459
171441;UBFC_ADUM_ UBFC_105426
170726;UBFC_ADUM_ UBFC_105087
170502;UBFC_ADUM_ UBFC_105085
184032;UBFC_ADUM_ UBFC_105075
169029;UBFC_ADUM_ UBFC_105074
185367;UBFC_ADUM_ UBFC_105071
183552;UBFC_ADUM_ UBFC_105070
183155;UBFC_ADUM_ UBFC_105066
170349;UBFC_ADUM_ UBFC_104909
171142;UBFC_ADUM_ UBFC_104897
182447;UBFC_ADUM_ UBFC_104867
181805;UBFC_ADUM_ UBFC_104865
167539;UBFC_ADUM_ UBFC_104862
181779;UBFC_ADUM_ UBFC_104823
179104;UBFC_ADUM_ UBFC_104809
168144;UBFC_ADUM_ UBFC_104796
183450;UBFC_ADUM_ UBFC_104789
170369;UBFC_ADUM_ UBFC_104688
183560;UBFC_ADUM_ UBFC_104686
171346;UBFC_ADUM_ UBFC_104673
170607;UBFC_ADUM_ UBFC_104578
161444;UBFC_ADUM_ UBFC_104472
177742;UBFC_ADUM_ UBFC_104470
184541;UBFC_ADUM_ UBFC_104468
181381;UBFC_ADUM_ UBFC_104428
184024;UBFC_ADUM_ UBFC_104421
166037;UBFC_ADUM_ UBFC_104419
166732;UBFC_ADUM_ UBFC_104416
184439;UBFC_ADUM_ UBFC_104407
171026;UBFC_ADUM_ UBFC_104405
160962;UBFC_ADUM_ UBFC_104356
171418;UBFC_ADUM_ UBFC_104339
163373;UBFC_ADUM_ UBFC_104267
169028;UBFC_ADUM_ UBFC_104264
170480;UBFC_ADUM_ UBFC_104183
172264;UBFC_ADUM_ UBFC_103840
179089;UBFC_ADUM_ UBFC_103838
184755;UBFC_ADUM_ UBFC_103836
173523;UBFC_ADUM_ UBFC_103373
171840;UBFC_ADUM_ UBFC_103267
170485;UBFC_ADUM_ UBFC_103265
178601;UBFC_ADUM_ UBFC_103264
184364;UBFC_ADUM_ UBFC_103253
182583;UBFC_ADUM_ UBFC_103239
168508;UBFC_ADUM_ UBFC_103157
170495;UBFC_ADUM_ UBFC_103077
180658;UBFC_ADUM_ UBFC_103035
173339;UBFC_ADUM_ UBFC_103032
170178;UBFC_ADUM_ UBFC_103023
171313;UBFC_ADUM_ UBFC_103022
172791;UBFC_ADUM_ UBFC_103021
185135;UBFC_ADUM_ UBFC_103009
171454;UBFC_ADUM_ UBFC_103006
168124;UBFC_ADUM_ UBFC_102959
169059;UBFC_ADUM_ UBFC_102887
167842;UBFC_ADUM_ UBFC_102883
169993;UBFC_ADUM_ UBFC_102825
167432;UBFC_ADUM_ UBFC_102726
183121;UBFC_ADUM_ UBFC_102696
177492;UBFC_ADUM_ UBFC_102694
170483;UBFC_ADUM_ UBFC_102693
171607;UBFC_ADUM_ UBFC_102690
171861;UBFC_ADUM_ UBFC_102655
181126;UBFC_ADUM_ UBFC_102654
176956;UBFC_ADUM_ UBFC_102636
172722;UBFC_ADUM_ UBFC_102487
172207;UBFC_ADUM_ UBFC_102375
169650;UBFC_ADUM_ UBFC_102349
172581;UBFC_ADUM_ UBFC_102342
169655;UBFC_ADUM_ UBFC_102282
185868;UBFC_ADUM_ UBFC_102148
182720;UBFC_ADUM_ UBFC_102027
166385;UBFC_ADUM_ UBFC_101764
171927;UBFC_ADUM_ UBFC_101744
178706;UBFC_ADUM_ UBFC_101741
171339;UBFC_ADUM_ UBFC_101736
158250;UBFC_ADUM_ UBFC_101735
172550;UBFC_ADUM_ UBFC_101733
163390;UBFC_ADUM_ UBFC_101696
185198;UBFC_ADUM_ UBFC_101695
169441;UBFC_ADUM_ UBFC_101577
172280;UBFC_ADUM_ UBFC_101574
186521;UBFC_ADUM_ UBFC_101573
174920;UBFC_ADUM_ UBFC_101572
185138;UBFC_ADUM_ UBFC_101465
179341;UBFC_ADUM_ UBFC_101446
171011;UBFC_ADUM_ UBFC_101445
181141;UBFC_ADUM_ UBFC_101432
172912;UBFC_ADUM_ UBFC_101351
176990;UBFC_ADUM_ UBFC_101022
182943;UBFC_ADUM_ UBFC_100897
182948;UBFC_ADUM_ UBFC_100877
172238;UBFC_ADUM_ UBFC_100835
172474;UBFC_ADUM_ UBFC_100823
166763;UBFC_ADUM_ UBFC_100815
179819;UBFC_ADUM_ UBFC_100814
170724;UBFC_ADUM_ UBFC_100811
186225;UBFC_ADUM_ UBFC_100810
185521;UBFC_ADUM_ UBFC_100775
159200;UBFC_ADUM_ UBFC_100487
130130;UBFC_ADUM_ UBFC_100475
170720;UBFC_ADUM_ UBFC_100474
172780;UBFC_ADUM_ UBFC_100469
