IDSTEP;SGentreeIdSource;new
253792;UBFC_ADUM_ UBFC_127187;UBFC_ADUM_UBFC_127187
253297;UBFC_ADUM_ UBFC_126828;UBFC_ADUM_UBFC_126828
253296;UBFC_ADUM_ UBFC_126827;UBFC_ADUM_UBFC_126827
253059;UBFC_ADUM_ UBFC_126735;UBFC_ADUM_UBFC_126735
253079;UBFC_ADUM_ UBFC_126717;UBFC_ADUM_UBFC_126717
252863;UBFC_ADUM_ UBFC_126526;UBFC_ADUM_UBFC_126526
252707;UBFC_ADUM_ UBFC_126428;UBFC_ADUM_UBFC_126428
252706;UBFC_ADUM_ UBFC_126427;UBFC_ADUM_UBFC_126427
252615;UBFC_ADUM_ UBFC_126350;UBFC_ADUM_UBFC_126350
252613;UBFC_ADUM_ UBFC_126348;UBFC_ADUM_UBFC_126348
252612;UBFC_ADUM_ UBFC_126347;UBFC_ADUM_UBFC_126347
252606;UBFC_ADUM_ UBFC_126340;UBFC_ADUM_UBFC_126340
252497;UBFC_ADUM_ UBFC_126257;UBFC_ADUM_UBFC_126257
252485;UBFC_ADUM_ UBFC_126256;UBFC_ADUM_UBFC_126256
252484;UBFC_ADUM_ UBFC_126255;UBFC_ADUM_UBFC_126255
252481;UBFC_ADUM_ UBFC_126242;UBFC_ADUM_UBFC_126242
252414;UBFC_ADUM_ UBFC_126173;UBFC_ADUM_UBFC_126173
252413;UBFC_ADUM_ UBFC_126172;UBFC_ADUM_UBFC_126172
252410;UBFC_ADUM_ UBFC_126170;UBFC_ADUM_UBFC_126170
252407;UBFC_ADUM_ UBFC_126169;UBFC_ADUM_UBFC_126169
252405;UBFC_ADUM_ UBFC_126166;UBFC_ADUM_UBFC_126166
252375;UBFC_ADUM_ UBFC_126165;UBFC_ADUM_UBFC_126165
252403;UBFC_ADUM_ UBFC_126164;UBFC_ADUM_UBFC_126164
252402;UBFC_ADUM_ UBFC_126163;UBFC_ADUM_UBFC_126163
252401;UBFC_ADUM_ UBFC_126162;UBFC_ADUM_UBFC_126162
252309;UBFC_ADUM_ UBFC_126116;UBFC_ADUM_UBFC_126116
251913;UBFC_ADUM_ UBFC_125803;UBFC_ADUM_UBFC_125803
251912;UBFC_ADUM_ UBFC_125801;UBFC_ADUM_UBFC_125801
251765;UBFC_ADUM_ UBFC_125686;UBFC_ADUM_UBFC_125686
251744;UBFC_ADUM_ UBFC_125659;UBFC_ADUM_UBFC_125659
251743;UBFC_ADUM_ UBFC_125658;UBFC_ADUM_UBFC_125658
251742;UBFC_ADUM_ UBFC_125657;UBFC_ADUM_UBFC_125657
251741;UBFC_ADUM_ UBFC_125656;UBFC_ADUM_UBFC_125656
251740;UBFC_ADUM_ UBFC_125655;UBFC_ADUM_UBFC_125655
251739;UBFC_ADUM_ UBFC_125654;UBFC_ADUM_UBFC_125654
251737;UBFC_ADUM_ UBFC_125653;UBFC_ADUM_UBFC_125653
251687;UBFC_ADUM_ UBFC_125641;UBFC_ADUM_UBFC_125641
251647;UBFC_ADUM_ UBFC_125617;UBFC_ADUM_UBFC_125617
251480;UBFC_ADUM_ UBFC_125543;UBFC_ADUM_UBFC_125543
251352;UBFC_ADUM_ UBFC_125436;UBFC_ADUM_UBFC_125436
251225;UBFC_ADUM_ UBFC_125335;UBFC_ADUM_UBFC_125335
251277;UBFC_ADUM_ UBFC_125334;UBFC_ADUM_UBFC_125334
251269;UBFC_ADUM_ UBFC_125311;UBFC_ADUM_UBFC_125311
251215;UBFC_ADUM_ UBFC_125302;UBFC_ADUM_UBFC_125302
249124;UBFC_ADUM_ UBFC_125268;UBFC_ADUM_UBFC_125268
248627;UBFC_ADUM_ UBFC_125261;UBFC_ADUM_UBFC_125261
248626;UBFC_ADUM_ UBFC_125260;UBFC_ADUM_UBFC_125260
248618;UBFC_ADUM_ UBFC_125241;UBFC_ADUM_UBFC_125241
248512;UBFC_ADUM_ UBFC_125195;UBFC_ADUM_UBFC_125195
248470;UBFC_ADUM_ UBFC_125175;UBFC_ADUM_UBFC_125175
248296;UBFC_ADUM_ UBFC_125078;UBFC_ADUM_UBFC_125078
248204;UBFC_ADUM_ UBFC_125038;UBFC_ADUM_UBFC_125038
247988;UBFC_ADUM_ UBFC_124924;UBFC_ADUM_UBFC_124924
247976;UBFC_ADUM_ UBFC_124920;UBFC_ADUM_UBFC_124920
247973;UBFC_ADUM_ UBFC_124914;UBFC_ADUM_UBFC_124914
247913;UBFC_ADUM_ UBFC_124879;UBFC_ADUM_UBFC_124879
247910;UBFC_ADUM_ UBFC_124873;UBFC_ADUM_UBFC_124873
247895;UBFC_ADUM_ UBFC_124872;UBFC_ADUM_UBFC_124872
247894;UBFC_ADUM_ UBFC_124870;UBFC_ADUM_UBFC_124870
247747;UBFC_ADUM_ UBFC_124797;UBFC_ADUM_UBFC_124797
247746;UBFC_ADUM_ UBFC_124796;UBFC_ADUM_UBFC_124796
247715;UBFC_ADUM_ UBFC_124769;UBFC_ADUM_UBFC_124769
247639;UBFC_ADUM_ UBFC_124742;UBFC_ADUM_UBFC_124742
247656;UBFC_ADUM_ UBFC_124741;UBFC_ADUM_UBFC_124741
247655;UBFC_ADUM_ UBFC_124740;UBFC_ADUM_UBFC_124740
298683;UBFC_ADUM_ UBFC_124736;UBFC_ADUM_UBFC_124736
247611;UBFC_ADUM_ UBFC_124714;UBFC_ADUM_UBFC_124714
247604;UBFC_ADUM_ UBFC_124708;UBFC_ADUM_UBFC_124708
247601;UBFC_ADUM_ UBFC_124704;UBFC_ADUM_UBFC_124704
247600;UBFC_ADUM_ UBFC_124703;UBFC_ADUM_UBFC_124703
247599;UBFC_ADUM_ UBFC_124702;UBFC_ADUM_UBFC_124702
247597;UBFC_ADUM_ UBFC_124700;UBFC_ADUM_UBFC_124700
247588;UBFC_ADUM_ UBFC_124689;UBFC_ADUM_UBFC_124689
247587;UBFC_ADUM_ UBFC_124688;UBFC_ADUM_UBFC_124688
247541;UBFC_ADUM_ UBFC_124657;UBFC_ADUM_UBFC_124657
247537;UBFC_ADUM_ UBFC_124644;UBFC_ADUM_UBFC_124644
247530;UBFC_ADUM_ UBFC_124639;UBFC_ADUM_UBFC_124639
247525;UBFC_ADUM_ UBFC_124632;UBFC_ADUM_UBFC_124632
247438;UBFC_ADUM_ UBFC_124545;UBFC_ADUM_UBFC_124545
247437;UBFC_ADUM_ UBFC_124543;UBFC_ADUM_UBFC_124543
247422;UBFC_ADUM_ UBFC_124542;UBFC_ADUM_UBFC_124542
259433;UBFC_ADUM_ UBFC_124539;UBFC_ADUM_UBFC_124539
247227;UBFC_ADUM_ UBFC_124455;UBFC_ADUM_UBFC_124455
247140;UBFC_ADUM_ UBFC_124320;UBFC_ADUM_UBFC_124320
247112;UBFC_ADUM_ UBFC_124305;UBFC_ADUM_UBFC_124305
247111;UBFC_ADUM_ UBFC_124301;UBFC_ADUM_UBFC_124301
247092;UBFC_ADUM_ UBFC_124289;UBFC_ADUM_UBFC_124289
247107;UBFC_ADUM_ UBFC_124287;UBFC_ADUM_UBFC_124287
247090;UBFC_ADUM_ UBFC_124286;UBFC_ADUM_UBFC_124286
247104;UBFC_ADUM_ UBFC_124280;UBFC_ADUM_UBFC_124280
247020;UBFC_ADUM_ UBFC_124234;UBFC_ADUM_UBFC_124234
247019;UBFC_ADUM_ UBFC_124232;UBFC_ADUM_UBFC_124232
247004;UBFC_ADUM_ UBFC_124231;UBFC_ADUM_UBFC_124231
247018;UBFC_ADUM_ UBFC_124230;UBFC_ADUM_UBFC_124230
247003;UBFC_ADUM_ UBFC_124229;UBFC_ADUM_UBFC_124229
247002;UBFC_ADUM_ UBFC_124228;UBFC_ADUM_UBFC_124228
247017;UBFC_ADUM_ UBFC_124227;UBFC_ADUM_UBFC_124227
246956;UBFC_ADUM_ UBFC_124226;UBFC_ADUM_UBFC_124226
247001;UBFC_ADUM_ UBFC_124225;UBFC_ADUM_UBFC_124225
247000;UBFC_ADUM_ UBFC_124224;UBFC_ADUM_UBFC_124224
246955;UBFC_ADUM_ UBFC_124222;UBFC_ADUM_UBFC_124222
246998;UBFC_ADUM_ UBFC_124221;UBFC_ADUM_UBFC_124221
246953;UBFC_ADUM_ UBFC_124220;UBFC_ADUM_UBFC_124220
247477;UBFC_ADUM_ UBFC_124197;UBFC_ADUM_UBFC_124197
246802;UBFC_ADUM_ UBFC_124062;UBFC_ADUM_UBFC_124062
246738;UBFC_ADUM_ UBFC_123977;UBFC_ADUM_UBFC_123977
246732;UBFC_ADUM_ UBFC_123971;UBFC_ADUM_UBFC_123971
246731;UBFC_ADUM_ UBFC_123970;UBFC_ADUM_UBFC_123970
246608;UBFC_ADUM_ UBFC_123866;UBFC_ADUM_UBFC_123866
246492;UBFC_ADUM_ UBFC_123865;UBFC_ADUM_UBFC_123865
246273;UBFC_ADUM_ UBFC_123815;UBFC_ADUM_UBFC_123815
246235;UBFC_ADUM_ UBFC_123793;UBFC_ADUM_UBFC_123793
298021;UBFC_ADUM_ UBFC_123714;UBFC_ADUM_UBFC_123714
246123;UBFC_ADUM_ UBFC_123713;UBFC_ADUM_UBFC_123713
246128;UBFC_ADUM_ UBFC_123712;UBFC_ADUM_UBFC_123712
246127;UBFC_ADUM_ UBFC_123711;UBFC_ADUM_UBFC_123711
246111;UBFC_ADUM_ UBFC_123677;UBFC_ADUM_UBFC_123677
246079;UBFC_ADUM_ UBFC_123646;UBFC_ADUM_UBFC_123646
246076;UBFC_ADUM_ UBFC_123632;UBFC_ADUM_UBFC_123632
246030;UBFC_ADUM_ UBFC_123604;UBFC_ADUM_UBFC_123604
245966;UBFC_ADUM_ UBFC_123547;UBFC_ADUM_UBFC_123547
245965;UBFC_ADUM_ UBFC_123546;UBFC_ADUM_UBFC_123546
245834;UBFC_ADUM_ UBFC_123426;UBFC_ADUM_UBFC_123426
245763;UBFC_ADUM_ UBFC_123397;UBFC_ADUM_UBFC_123397
245780;UBFC_ADUM_ UBFC_123394;UBFC_ADUM_UBFC_123394
245754;UBFC_ADUM_ UBFC_123383;UBFC_ADUM_UBFC_123383
245732;UBFC_ADUM_ UBFC_123362;UBFC_ADUM_UBFC_123362
245716;UBFC_ADUM_ UBFC_123347;UBFC_ADUM_UBFC_123347
245687;UBFC_ADUM_ UBFC_123342;UBFC_ADUM_UBFC_123342
245507;UBFC_ADUM_ UBFC_123239;UBFC_ADUM_UBFC_123239
245448;UBFC_ADUM_ UBFC_123221;UBFC_ADUM_UBFC_123221
245456;UBFC_ADUM_ UBFC_123209;UBFC_ADUM_UBFC_123209
245443;UBFC_ADUM_ UBFC_123204;UBFC_ADUM_UBFC_123204
245387;UBFC_ADUM_ UBFC_123175;UBFC_ADUM_UBFC_123175
245404;UBFC_ADUM_ UBFC_123174;UBFC_ADUM_UBFC_123174
245403;UBFC_ADUM_ UBFC_123173;UBFC_ADUM_UBFC_123173
299342;UBFC_ADUM_ UBFC_123172;UBFC_ADUM_UBFC_123172
245313;UBFC_ADUM_ UBFC_123126;UBFC_ADUM_UBFC_123126
244811;UBFC_ADUM_ UBFC_122924;UBFC_ADUM_UBFC_122924
244579;UBFC_ADUM_ UBFC_122871;UBFC_ADUM_UBFC_122871
244578;UBFC_ADUM_ UBFC_122870;UBFC_ADUM_UBFC_122870
244426;UBFC_ADUM_ UBFC_122852;UBFC_ADUM_UBFC_122852
244425;UBFC_ADUM_ UBFC_122851;UBFC_ADUM_UBFC_122851
244424;UBFC_ADUM_ UBFC_122850;UBFC_ADUM_UBFC_122850
251479;UBFC_ADUM_ UBFC_122843;UBFC_ADUM_UBFC_122843
244391;UBFC_ADUM_ UBFC_122842;UBFC_ADUM_UBFC_122842
244390;UBFC_ADUM_ UBFC_122840;UBFC_ADUM_UBFC_122840
244389;UBFC_ADUM_ UBFC_122839;UBFC_ADUM_UBFC_122839
242862;UBFC_ADUM_ UBFC_122613;UBFC_ADUM_UBFC_122613
242882;UBFC_ADUM_ UBFC_122612;UBFC_ADUM_UBFC_122612
242858;UBFC_ADUM_ UBFC_122592;UBFC_ADUM_UBFC_122592
242877;UBFC_ADUM_ UBFC_122591;UBFC_ADUM_UBFC_122591
242352;UBFC_ADUM_ UBFC_122414;UBFC_ADUM_UBFC_122414
242052;UBFC_ADUM_ UBFC_122207;UBFC_ADUM_UBFC_122207
241977;UBFC_ADUM_ UBFC_122182;UBFC_ADUM_UBFC_122182
241880;UBFC_ADUM_ UBFC_122158;UBFC_ADUM_UBFC_122158
241873;UBFC_ADUM_ UBFC_122152;UBFC_ADUM_UBFC_122152
244728;UBFC_ADUM_ UBFC_122144;UBFC_ADUM_UBFC_122144
262291;UBFC_ADUM_ UBFC_121774;UBFC_ADUM_UBFC_121774
239490;UBFC_ADUM_ UBFC_121703;UBFC_ADUM_UBFC_121703
239382;UBFC_ADUM_ UBFC_121613;UBFC_ADUM_UBFC_121613
239379;UBFC_ADUM_ UBFC_121604;UBFC_ADUM_UBFC_121604
239173;UBFC_ADUM_ UBFC_121498;UBFC_ADUM_UBFC_121498
257688;UBFC_ADUM_ UBFC_121497;UBFC_ADUM_UBFC_121497
239091;UBFC_ADUM_ UBFC_121458;UBFC_ADUM_UBFC_121458
239088;UBFC_ADUM_ UBFC_121452;UBFC_ADUM_UBFC_121452
238567;UBFC_ADUM_ UBFC_121407;UBFC_ADUM_UBFC_121407
238478;UBFC_ADUM_ UBFC_121360;UBFC_ADUM_UBFC_121360
238483;UBFC_ADUM_ UBFC_121359;UBFC_ADUM_UBFC_121359
238266;UBFC_ADUM_ UBFC_121256;UBFC_ADUM_UBFC_121256
238263;UBFC_ADUM_ UBFC_121255;UBFC_ADUM_UBFC_121255
238181;UBFC_ADUM_ UBFC_121234;UBFC_ADUM_UBFC_121234
306613;UBFC_ADUM_ UBFC_121232;UBFC_ADUM_UBFC_121232
238180;UBFC_ADUM_ UBFC_121231;UBFC_ADUM_UBFC_121231
238179;UBFC_ADUM_ UBFC_121230;UBFC_ADUM_UBFC_121230
238178;UBFC_ADUM_ UBFC_121229;UBFC_ADUM_UBFC_121229
238162;UBFC_ADUM_ UBFC_121228;UBFC_ADUM_UBFC_121228
238177;UBFC_ADUM_ UBFC_121227;UBFC_ADUM_UBFC_121227
257837;UBFC_ADUM_ UBFC_121226;UBFC_ADUM_UBFC_121226
238155;UBFC_ADUM_ UBFC_121224;UBFC_ADUM_UBFC_121224
238168;UBFC_ADUM_ UBFC_121223;UBFC_ADUM_UBFC_121223
238153;UBFC_ADUM_ UBFC_121222;UBFC_ADUM_UBFC_121222
247123;UBFC_ADUM_ UBFC_121219;UBFC_ADUM_UBFC_121219
238149;UBFC_ADUM_ UBFC_121218;UBFC_ADUM_UBFC_121218
238165;UBFC_ADUM_ UBFC_121217;UBFC_ADUM_UBFC_121217
238164;UBFC_ADUM_ UBFC_121216;UBFC_ADUM_UBFC_121216
237673;UBFC_ADUM_ UBFC_121110;UBFC_ADUM_UBFC_121110
237629;UBFC_ADUM_ UBFC_121096;UBFC_ADUM_UBFC_121096
237181;UBFC_ADUM_ UBFC_120918;UBFC_ADUM_UBFC_120918
237117;UBFC_ADUM_ UBFC_120891;UBFC_ADUM_UBFC_120891
237082;UBFC_ADUM_ UBFC_120881;UBFC_ADUM_UBFC_120881
236945;UBFC_ADUM_ UBFC_120823;UBFC_ADUM_UBFC_120823
247091;UBFC_ADUM_ UBFC_120767;UBFC_ADUM_UBFC_120767
236861;UBFC_ADUM_ UBFC_120766;UBFC_ADUM_UBFC_120766
236824;UBFC_ADUM_ UBFC_120752;UBFC_ADUM_UBFC_120752
236655;UBFC_ADUM_ UBFC_120694;UBFC_ADUM_UBFC_120694
256000;UBFC_ADUM_ UBFC_120693;UBFC_ADUM_UBFC_120693
236646;UBFC_ADUM_ UBFC_120689;UBFC_ADUM_UBFC_120689
236644;UBFC_ADUM_ UBFC_120687;UBFC_ADUM_UBFC_120687
236607;UBFC_ADUM_ UBFC_120684;UBFC_ADUM_UBFC_120684
236405;UBFC_ADUM_ UBFC_120624;UBFC_ADUM_UBFC_120624
236137;UBFC_ADUM_ UBFC_120408;UBFC_ADUM_UBFC_120408
252374;UBFC_ADUM_ UBFC_120282;UBFC_ADUM_UBFC_120282
235997;UBFC_ADUM_ UBFC_120227;UBFC_ADUM_UBFC_120227
235980;UBFC_ADUM_ UBFC_120225;UBFC_ADUM_UBFC_120225
235979;UBFC_ADUM_ UBFC_120221;UBFC_ADUM_UBFC_120221
235973;UBFC_ADUM_ UBFC_120210;UBFC_ADUM_UBFC_120210
245133;UBFC_ADUM_ UBFC_120208;UBFC_ADUM_UBFC_120208
235994;UBFC_ADUM_ UBFC_120207;UBFC_ADUM_UBFC_120207
235992;UBFC_ADUM_ UBFC_120204;UBFC_ADUM_UBFC_120204
235970;UBFC_ADUM_ UBFC_120203;UBFC_ADUM_UBFC_120203
235990;UBFC_ADUM_ UBFC_120202;UBFC_ADUM_UBFC_120202
235968;UBFC_ADUM_ UBFC_120200;UBFC_ADUM_UBFC_120200
261966;UBFC_ADUM_ UBFC_120198;UBFC_ADUM_UBFC_120198
235989;UBFC_ADUM_ UBFC_120197;UBFC_ADUM_UBFC_120197
235768;UBFC_ADUM_ UBFC_120113;UBFC_ADUM_UBFC_120113
235731;UBFC_ADUM_ UBFC_120073;UBFC_ADUM_UBFC_120073
235312;UBFC_ADUM_ UBFC_119976;UBFC_ADUM_UBFC_119976
235027;UBFC_ADUM_ UBFC_119940;UBFC_ADUM_UBFC_119940
234961;UBFC_ADUM_ UBFC_119882;UBFC_ADUM_UBFC_119882
234875;UBFC_ADUM_ UBFC_119829;UBFC_ADUM_UBFC_119829
234913;UBFC_ADUM_ UBFC_119828;UBFC_ADUM_UBFC_119828
247436;UBFC_ADUM_ UBFC_119819;UBFC_ADUM_UBFC_119819
234886;UBFC_ADUM_ UBFC_119816;UBFC_ADUM_UBFC_119816
234883;UBFC_ADUM_ UBFC_119814;UBFC_ADUM_UBFC_119814
234852;UBFC_ADUM_ UBFC_119802;UBFC_ADUM_UBFC_119802
234674;UBFC_ADUM_ UBFC_119651;UBFC_ADUM_UBFC_119651
234624;UBFC_ADUM_ UBFC_119594;UBFC_ADUM_UBFC_119594
234623;UBFC_ADUM_ UBFC_119592;UBFC_ADUM_UBFC_119592
234559;UBFC_ADUM_ UBFC_119548;UBFC_ADUM_UBFC_119548
234572;UBFC_ADUM_ UBFC_119547;UBFC_ADUM_UBFC_119547
234360;UBFC_ADUM_ UBFC_119401;UBFC_ADUM_UBFC_119401
234364;UBFC_ADUM_ UBFC_119367;UBFC_ADUM_UBFC_119367
258910;UBFC_ADUM_ UBFC_119320;UBFC_ADUM_UBFC_119320
234280;UBFC_ADUM_ UBFC_119317;UBFC_ADUM_UBFC_119317
234279;UBFC_ADUM_ UBFC_119316;UBFC_ADUM_UBFC_119316
234296;UBFC_ADUM_ UBFC_119314;UBFC_ADUM_UBFC_119314
259964;UBFC_ADUM_ UBFC_119092;UBFC_ADUM_UBFC_119092
234068;UBFC_ADUM_ UBFC_119088;UBFC_ADUM_UBFC_119088
260293;UBFC_ADUM_ UBFC_119008;UBFC_ADUM_UBFC_119008
233693;UBFC_ADUM_ UBFC_118840;UBFC_ADUM_UBFC_118840
233703;UBFC_ADUM_ UBFC_118839;UBFC_ADUM_UBFC_118839
233622;UBFC_ADUM_ UBFC_118838;UBFC_ADUM_UBFC_118838
233562;UBFC_ADUM_ UBFC_118762;UBFC_ADUM_UBFC_118762
233337;UBFC_ADUM_ UBFC_118643;UBFC_ADUM_UBFC_118643
233334;UBFC_ADUM_ UBFC_118623;UBFC_ADUM_UBFC_118623
233091;UBFC_ADUM_ UBFC_118427;UBFC_ADUM_UBFC_118427
233090;UBFC_ADUM_ UBFC_118426;UBFC_ADUM_UBFC_118426
232974;UBFC_ADUM_ UBFC_118339;UBFC_ADUM_UBFC_118339
232986;UBFC_ADUM_ UBFC_118323;UBFC_ADUM_UBFC_118323
232984;UBFC_ADUM_ UBFC_118318;UBFC_ADUM_UBFC_118318
232970;UBFC_ADUM_ UBFC_118317;UBFC_ADUM_UBFC_118317
232983;UBFC_ADUM_ UBFC_118316;UBFC_ADUM_UBFC_118316
232969;UBFC_ADUM_ UBFC_118312;UBFC_ADUM_UBFC_118312
232968;UBFC_ADUM_ UBFC_118311;UBFC_ADUM_UBFC_118311
232967;UBFC_ADUM_ UBFC_118309;UBFC_ADUM_UBFC_118309
232966;UBFC_ADUM_ UBFC_118308;UBFC_ADUM_UBFC_118308
232965;UBFC_ADUM_ UBFC_118305;UBFC_ADUM_UBFC_118305
248486;UBFC_ADUM_ UBFC_118304;UBFC_ADUM_UBFC_118304
232964;UBFC_ADUM_ UBFC_118298;UBFC_ADUM_UBFC_118298
232949;UBFC_ADUM_ UBFC_118277;UBFC_ADUM_UBFC_118277
232948;UBFC_ADUM_ UBFC_118276;UBFC_ADUM_UBFC_118276
232947;UBFC_ADUM_ UBFC_118274;UBFC_ADUM_UBFC_118274
232919;UBFC_ADUM_ UBFC_118273;UBFC_ADUM_UBFC_118273
255933;UBFC_ADUM_ UBFC_118109;UBFC_ADUM_UBFC_118109
232675;UBFC_ADUM_ UBFC_118083;UBFC_ADUM_UBFC_118083
247598;UBFC_ADUM_ UBFC_118049;UBFC_ADUM_UBFC_118049
232636;UBFC_ADUM_ UBFC_118040;UBFC_ADUM_UBFC_118040
232556;UBFC_ADUM_ UBFC_117931;UBFC_ADUM_UBFC_117931
232554;UBFC_ADUM_ UBFC_117929;UBFC_ADUM_UBFC_117929
232531;UBFC_ADUM_ UBFC_117927;UBFC_ADUM_UBFC_117927
232544;UBFC_ADUM_ UBFC_117911;UBFC_ADUM_UBFC_117911
232525;UBFC_ADUM_ UBFC_117910;UBFC_ADUM_UBFC_117910
232543;UBFC_ADUM_ UBFC_117909;UBFC_ADUM_UBFC_117909
232521;UBFC_ADUM_ UBFC_117906;UBFC_ADUM_UBFC_117906
232482;UBFC_ADUM_ UBFC_117903;UBFC_ADUM_UBFC_117903
232519;UBFC_ADUM_ UBFC_117902;UBFC_ADUM_UBFC_117902
232480;UBFC_ADUM_ UBFC_117899;UBFC_ADUM_UBFC_117899
232469;UBFC_ADUM_ UBFC_117835;UBFC_ADUM_UBFC_117835
232404;UBFC_ADUM_ UBFC_117782;UBFC_ADUM_UBFC_117782
232381;UBFC_ADUM_ UBFC_117776;UBFC_ADUM_UBFC_117776
232373;UBFC_ADUM_ UBFC_117761;UBFC_ADUM_UBFC_117761
232367;UBFC_ADUM_ UBFC_117751;UBFC_ADUM_UBFC_117751
232354;UBFC_ADUM_ UBFC_117746;UBFC_ADUM_UBFC_117746
232201;UBFC_ADUM_ UBFC_117592;UBFC_ADUM_UBFC_117592
232241;UBFC_ADUM_ UBFC_117589;UBFC_ADUM_UBFC_117589
237060;UBFC_ADUM_ UBFC_117584;UBFC_ADUM_UBFC_117584
232212;UBFC_ADUM_ UBFC_117583;UBFC_ADUM_UBFC_117583
232210;UBFC_ADUM_ UBFC_117581;UBFC_ADUM_UBFC_117581
232072;UBFC_ADUM_ UBFC_117493;UBFC_ADUM_UBFC_117493
232087;UBFC_ADUM_ UBFC_117491;UBFC_ADUM_UBFC_117491
232085;UBFC_ADUM_ UBFC_117489;UBFC_ADUM_UBFC_117489
232070;UBFC_ADUM_ UBFC_117487;UBFC_ADUM_UBFC_117487
232083;UBFC_ADUM_ UBFC_117475;UBFC_ADUM_UBFC_117475
245920;UBFC_ADUM_ UBFC_117469;UBFC_ADUM_UBFC_117469
232066;UBFC_ADUM_ UBFC_117467;UBFC_ADUM_UBFC_117467
232064;UBFC_ADUM_ UBFC_117463;UBFC_ADUM_UBFC_117463
232063;UBFC_ADUM_ UBFC_117462;UBFC_ADUM_UBFC_117462
257156;UBFC_ADUM_ UBFC_117460;UBFC_ADUM_UBFC_117460
232040;UBFC_ADUM_ UBFC_117459;UBFC_ADUM_UBFC_117459
232039;UBFC_ADUM_ UBFC_117457;UBFC_ADUM_UBFC_117457
232061;UBFC_ADUM_ UBFC_117447;UBFC_ADUM_UBFC_117447
232038;UBFC_ADUM_ UBFC_117446;UBFC_ADUM_UBFC_117446
232059;UBFC_ADUM_ UBFC_117443;UBFC_ADUM_UBFC_117443
232057;UBFC_ADUM_ UBFC_117438;UBFC_ADUM_UBFC_117438
232055;UBFC_ADUM_ UBFC_117436;UBFC_ADUM_UBFC_117436
232054;UBFC_ADUM_ UBFC_117435;UBFC_ADUM_UBFC_117435
232052;UBFC_ADUM_ UBFC_117427;UBFC_ADUM_UBFC_117427
232034;UBFC_ADUM_ UBFC_117417;UBFC_ADUM_UBFC_117417
232047;UBFC_ADUM_ UBFC_117415;UBFC_ADUM_UBFC_117415
231702;UBFC_ADUM_ UBFC_117107;UBFC_ADUM_UBFC_117107
231675;UBFC_ADUM_ UBFC_117105;UBFC_ADUM_UBFC_117105
231650;UBFC_ADUM_ UBFC_117074;UBFC_ADUM_UBFC_117074
231663;UBFC_ADUM_ UBFC_117052;UBFC_ADUM_UBFC_117052
231508;UBFC_ADUM_ UBFC_116860;UBFC_ADUM_UBFC_116860
231507;UBFC_ADUM_ UBFC_116859;UBFC_ADUM_UBFC_116859
231506;UBFC_ADUM_ UBFC_116856;UBFC_ADUM_UBFC_116856
231442;UBFC_ADUM_ UBFC_116842;UBFC_ADUM_UBFC_116842
231480;UBFC_ADUM_ UBFC_116841;UBFC_ADUM_UBFC_116841
231479;UBFC_ADUM_ UBFC_116839;UBFC_ADUM_UBFC_116839
231384;UBFC_ADUM_ UBFC_116790;UBFC_ADUM_UBFC_116790
231377;UBFC_ADUM_ UBFC_116789;UBFC_ADUM_UBFC_116789
231376;UBFC_ADUM_ UBFC_116781;UBFC_ADUM_UBFC_116781
231323;UBFC_ADUM_ UBFC_116715;UBFC_ADUM_UBFC_116715
231284;UBFC_ADUM_ UBFC_116681;UBFC_ADUM_UBFC_116681
231272;UBFC_ADUM_ UBFC_116669;UBFC_ADUM_UBFC_116669
231256;UBFC_ADUM_ UBFC_116652;UBFC_ADUM_UBFC_116652
231254;UBFC_ADUM_ UBFC_116650;UBFC_ADUM_UBFC_116650
231252;UBFC_ADUM_ UBFC_116649;UBFC_ADUM_UBFC_116649
231251;UBFC_ADUM_ UBFC_116647;UBFC_ADUM_UBFC_116647
231226;UBFC_ADUM_ UBFC_116641;UBFC_ADUM_UBFC_116641
231225;UBFC_ADUM_ UBFC_116640;UBFC_ADUM_UBFC_116640
230849;UBFC_ADUM_ UBFC_116368;UBFC_ADUM_UBFC_116368
230845;UBFC_ADUM_ UBFC_116354;UBFC_ADUM_UBFC_116354
230831;UBFC_ADUM_ UBFC_116310;UBFC_ADUM_UBFC_116310
230772;UBFC_ADUM_ UBFC_116269;UBFC_ADUM_UBFC_116269
230391;UBFC_ADUM_ UBFC_116207;UBFC_ADUM_UBFC_116207
230409;UBFC_ADUM_ UBFC_116192;UBFC_ADUM_UBFC_116192
230311;UBFC_ADUM_ UBFC_116172;UBFC_ADUM_UBFC_116172
230284;UBFC_ADUM_ UBFC_116156;UBFC_ADUM_UBFC_116156
230277;UBFC_ADUM_ UBFC_116137;UBFC_ADUM_UBFC_116137
230274;UBFC_ADUM_ UBFC_116132;UBFC_ADUM_UBFC_116132
230225;UBFC_ADUM_ UBFC_116131;UBFC_ADUM_UBFC_116131
230273;UBFC_ADUM_ UBFC_116129;UBFC_ADUM_UBFC_116129
230263;UBFC_ADUM_ UBFC_116097;UBFC_ADUM_UBFC_116097
230262;UBFC_ADUM_ UBFC_116096;UBFC_ADUM_UBFC_116096
230246;UBFC_ADUM_ UBFC_116084;UBFC_ADUM_UBFC_116084
230244;UBFC_ADUM_ UBFC_116082;UBFC_ADUM_UBFC_116082
230243;UBFC_ADUM_ UBFC_116081;UBFC_ADUM_UBFC_116081
230211;UBFC_ADUM_ UBFC_116059;UBFC_ADUM_UBFC_116059
230183;UBFC_ADUM_ UBFC_116034;UBFC_ADUM_UBFC_116034
230154;UBFC_ADUM_ UBFC_116033;UBFC_ADUM_UBFC_116033
230083;UBFC_ADUM_ UBFC_115957;UBFC_ADUM_UBFC_115957
230070;UBFC_ADUM_ UBFC_115956;UBFC_ADUM_UBFC_115956
230040;UBFC_ADUM_ UBFC_115942;UBFC_ADUM_UBFC_115942
230067;UBFC_ADUM_ UBFC_115931;UBFC_ADUM_UBFC_115931
230039;UBFC_ADUM_ UBFC_115925;UBFC_ADUM_UBFC_115925
230038;UBFC_ADUM_ UBFC_115923;UBFC_ADUM_UBFC_115923
230065;UBFC_ADUM_ UBFC_115921;UBFC_ADUM_UBFC_115921
230064;UBFC_ADUM_ UBFC_115919;UBFC_ADUM_UBFC_115919
230061;UBFC_ADUM_ UBFC_115901;UBFC_ADUM_UBFC_115901
230017;UBFC_ADUM_ UBFC_115837;UBFC_ADUM_UBFC_115837
230001;UBFC_ADUM_ UBFC_115831;UBFC_ADUM_UBFC_115831
230011;UBFC_ADUM_ UBFC_115826;UBFC_ADUM_UBFC_115826
229995;UBFC_ADUM_ UBFC_115806;UBFC_ADUM_UBFC_115806
230005;UBFC_ADUM_ UBFC_115804;UBFC_ADUM_UBFC_115804
229994;UBFC_ADUM_ UBFC_115802;UBFC_ADUM_UBFC_115802
229993;UBFC_ADUM_ UBFC_115801;UBFC_ADUM_UBFC_115801
230004;UBFC_ADUM_ UBFC_115800;UBFC_ADUM_UBFC_115800
229622;UBFC_ADUM_ UBFC_115531;UBFC_ADUM_UBFC_115531
229516;UBFC_ADUM_ UBFC_115358;UBFC_ADUM_UBFC_115358
229404;UBFC_ADUM_ UBFC_115250;UBFC_ADUM_UBFC_115250
229316;UBFC_ADUM_ UBFC_115151;UBFC_ADUM_UBFC_115151
229330;UBFC_ADUM_ UBFC_115150;UBFC_ADUM_UBFC_115150
229329;UBFC_ADUM_ UBFC_115148;UBFC_ADUM_UBFC_115148
229314;UBFC_ADUM_ UBFC_115146;UBFC_ADUM_UBFC_115146
229326;UBFC_ADUM_ UBFC_115145;UBFC_ADUM_UBFC_115145
229325;UBFC_ADUM_ UBFC_115140;UBFC_ADUM_UBFC_115140
229324;UBFC_ADUM_ UBFC_115138;UBFC_ADUM_UBFC_115138
229272;UBFC_ADUM_ UBFC_115057;UBFC_ADUM_UBFC_115057
229234;UBFC_ADUM_ UBFC_114993;UBFC_ADUM_UBFC_114993
229137;UBFC_ADUM_ UBFC_114948;UBFC_ADUM_UBFC_114948
229156;UBFC_ADUM_ UBFC_114946;UBFC_ADUM_UBFC_114946
229152;UBFC_ADUM_ UBFC_114931;UBFC_ADUM_UBFC_114931
229150;UBFC_ADUM_ UBFC_114929;UBFC_ADUM_UBFC_114929
229130;UBFC_ADUM_ UBFC_114920;UBFC_ADUM_UBFC_114920
229128;UBFC_ADUM_ UBFC_114914;UBFC_ADUM_UBFC_114914
229127;UBFC_ADUM_ UBFC_114913;UBFC_ADUM_UBFC_114913
229143;UBFC_ADUM_ UBFC_114912;UBFC_ADUM_UBFC_114912
229037;UBFC_ADUM_ UBFC_114844;UBFC_ADUM_UBFC_114844
229034;UBFC_ADUM_ UBFC_114836;UBFC_ADUM_UBFC_114836
228945;UBFC_ADUM_ UBFC_114764;UBFC_ADUM_UBFC_114764
228912;UBFC_ADUM_ UBFC_114749;UBFC_ADUM_UBFC_114749
228911;UBFC_ADUM_ UBFC_114748;UBFC_ADUM_UBFC_114748
228923;UBFC_ADUM_ UBFC_114745;UBFC_ADUM_UBFC_114745
228908;UBFC_ADUM_ UBFC_114743;UBFC_ADUM_UBFC_114743
228906;UBFC_ADUM_ UBFC_114739;UBFC_ADUM_UBFC_114739
228880;UBFC_ADUM_ UBFC_114732;UBFC_ADUM_UBFC_114732
228903;UBFC_ADUM_ UBFC_114730;UBFC_ADUM_UBFC_114730
228901;UBFC_ADUM_ UBFC_114726;UBFC_ADUM_UBFC_114726
228877;UBFC_ADUM_ UBFC_114724;UBFC_ADUM_UBFC_114724
228899;UBFC_ADUM_ UBFC_114723;UBFC_ADUM_UBFC_114723
228875;UBFC_ADUM_ UBFC_114720;UBFC_ADUM_UBFC_114720
228712;UBFC_ADUM_ UBFC_114478;UBFC_ADUM_UBFC_114478
228711;UBFC_ADUM_ UBFC_114472;UBFC_ADUM_UBFC_114472
228708;UBFC_ADUM_ UBFC_114466;UBFC_ADUM_UBFC_114466
228534;UBFC_ADUM_ UBFC_114277;UBFC_ADUM_UBFC_114277
228524;UBFC_ADUM_ UBFC_114237;UBFC_ADUM_UBFC_114237
228511;UBFC_ADUM_ UBFC_114229;UBFC_ADUM_UBFC_114229
228506;UBFC_ADUM_ UBFC_114221;UBFC_ADUM_UBFC_114221
228432;UBFC_ADUM_ UBFC_114155;UBFC_ADUM_UBFC_114155
228453;UBFC_ADUM_ UBFC_114152;UBFC_ADUM_UBFC_114152
228448;UBFC_ADUM_ UBFC_114140;UBFC_ADUM_UBFC_114140
228424;UBFC_ADUM_ UBFC_114128;UBFC_ADUM_UBFC_114128
228402;UBFC_ADUM_ UBFC_114124;UBFC_ADUM_UBFC_114124
228416;UBFC_ADUM_ UBFC_114110;UBFC_ADUM_UBFC_114110
228337;UBFC_ADUM_ UBFC_114069;UBFC_ADUM_UBFC_114069
228287;UBFC_ADUM_ UBFC_114024;UBFC_ADUM_UBFC_114024
228222;UBFC_ADUM_ UBFC_114020;UBFC_ADUM_UBFC_114020
228283;UBFC_ADUM_ UBFC_114015;UBFC_ADUM_UBFC_114015
228279;UBFC_ADUM_ UBFC_114005;UBFC_ADUM_UBFC_114005
228278;UBFC_ADUM_ UBFC_114004;UBFC_ADUM_UBFC_114004
257677;UBFC_ADUM_ UBFC_113978;UBFC_ADUM_UBFC_113978
228201;UBFC_ADUM_ UBFC_113975;UBFC_ADUM_UBFC_113975
228200;UBFC_ADUM_ UBFC_113972;UBFC_ADUM_UBFC_113972
228195;UBFC_ADUM_ UBFC_113960;UBFC_ADUM_UBFC_113960
228171;UBFC_ADUM_ UBFC_113951;UBFC_ADUM_UBFC_113951
228193;UBFC_ADUM_ UBFC_113950;UBFC_ADUM_UBFC_113950
228187;UBFC_ADUM_ UBFC_113935;UBFC_ADUM_UBFC_113935
228090;UBFC_ADUM_ UBFC_113837;UBFC_ADUM_UBFC_113837
228068;UBFC_ADUM_ UBFC_113836;UBFC_ADUM_UBFC_113836
228089;UBFC_ADUM_ UBFC_113835;UBFC_ADUM_UBFC_113835
228088;UBFC_ADUM_ UBFC_113834;UBFC_ADUM_UBFC_113834
228087;UBFC_ADUM_ UBFC_113831;UBFC_ADUM_UBFC_113831
228065;UBFC_ADUM_ UBFC_113830;UBFC_ADUM_UBFC_113830
228086;UBFC_ADUM_ UBFC_113829;UBFC_ADUM_UBFC_113829
228085;UBFC_ADUM_ UBFC_113828;UBFC_ADUM_UBFC_113828
228084;UBFC_ADUM_ UBFC_113827;UBFC_ADUM_UBFC_113827
228083;UBFC_ADUM_ UBFC_113826;UBFC_ADUM_UBFC_113826
228042;UBFC_ADUM_ UBFC_113824;UBFC_ADUM_UBFC_113824
228060;UBFC_ADUM_ UBFC_113820;UBFC_ADUM_UBFC_113820
228059;UBFC_ADUM_ UBFC_113817;UBFC_ADUM_UBFC_113817
228040;UBFC_ADUM_ UBFC_113816;UBFC_ADUM_UBFC_113816
247596;UBFC_ADUM_ UBFC_113814;UBFC_ADUM_UBFC_113814
228057;UBFC_ADUM_ UBFC_113813;UBFC_ADUM_UBFC_113813
232104;UBFC_ADUM_ UBFC_113777;UBFC_ADUM_UBFC_113777
228038;UBFC_ADUM_ UBFC_113776;UBFC_ADUM_UBFC_113776
228037;UBFC_ADUM_ UBFC_113775;UBFC_ADUM_UBFC_113775
227920;UBFC_ADUM_ UBFC_113640;UBFC_ADUM_UBFC_113640
227917;UBFC_ADUM_ UBFC_113636;UBFC_ADUM_UBFC_113636
227798;UBFC_ADUM_ UBFC_113576;UBFC_ADUM_UBFC_113576
227620;UBFC_ADUM_ UBFC_113508;UBFC_ADUM_UBFC_113508
227627;UBFC_ADUM_ UBFC_113499;UBFC_ADUM_UBFC_113499
227617;UBFC_ADUM_ UBFC_113498;UBFC_ADUM_UBFC_113498
227626;UBFC_ADUM_ UBFC_113497;UBFC_ADUM_UBFC_113497
227616;UBFC_ADUM_ UBFC_113496;UBFC_ADUM_UBFC_113496
227625;UBFC_ADUM_ UBFC_113494;UBFC_ADUM_UBFC_113494
227614;UBFC_ADUM_ UBFC_113492;UBFC_ADUM_UBFC_113492
227609;UBFC_ADUM_ UBFC_113491;UBFC_ADUM_UBFC_113491
227599;UBFC_ADUM_ UBFC_113488;UBFC_ADUM_UBFC_113488
227598;UBFC_ADUM_ UBFC_113487;UBFC_ADUM_UBFC_113487
227597;UBFC_ADUM_ UBFC_113486;UBFC_ADUM_UBFC_113486
227603;UBFC_ADUM_ UBFC_113478;UBFC_ADUM_UBFC_113478
227585;UBFC_ADUM_ UBFC_113461;UBFC_ADUM_UBFC_113461
227562;UBFC_ADUM_ UBFC_113448;UBFC_ADUM_UBFC_113448
227555;UBFC_ADUM_ UBFC_113422;UBFC_ADUM_UBFC_113422
227520;UBFC_ADUM_ UBFC_113377;UBFC_ADUM_UBFC_113377
227539;UBFC_ADUM_ UBFC_113376;UBFC_ADUM_UBFC_113376
227538;UBFC_ADUM_ UBFC_113375;UBFC_ADUM_UBFC_113375
227537;UBFC_ADUM_ UBFC_113374;UBFC_ADUM_UBFC_113374
227536;UBFC_ADUM_ UBFC_113373;UBFC_ADUM_UBFC_113373
245154;UBFC_ADUM_ UBFC_113372;UBFC_ADUM_UBFC_113372
227535;UBFC_ADUM_ UBFC_113371;UBFC_ADUM_UBFC_113371
227532;UBFC_ADUM_ UBFC_113369;UBFC_ADUM_UBFC_113369
227531;UBFC_ADUM_ UBFC_113368;UBFC_ADUM_UBFC_113368
227529;UBFC_ADUM_ UBFC_113366;UBFC_ADUM_UBFC_113366
258967;UBFC_ADUM_ UBFC_113365;UBFC_ADUM_UBFC_113365
227528;UBFC_ADUM_ UBFC_113364;UBFC_ADUM_UBFC_113364
227526;UBFC_ADUM_ UBFC_113362;UBFC_ADUM_UBFC_113362
227519;UBFC_ADUM_ UBFC_113361;UBFC_ADUM_UBFC_113361
227525;UBFC_ADUM_ UBFC_113360;UBFC_ADUM_UBFC_113360
227524;UBFC_ADUM_ UBFC_113359;UBFC_ADUM_UBFC_113359
227502;UBFC_ADUM_ UBFC_113357;UBFC_ADUM_UBFC_113357
227501;UBFC_ADUM_ UBFC_113356;UBFC_ADUM_UBFC_113356
227517;UBFC_ADUM_ UBFC_113354;UBFC_ADUM_UBFC_113354
227516;UBFC_ADUM_ UBFC_113353;UBFC_ADUM_UBFC_113353
227515;UBFC_ADUM_ UBFC_113352;UBFC_ADUM_UBFC_113352
227514;UBFC_ADUM_ UBFC_113351;UBFC_ADUM_UBFC_113351
227485;UBFC_ADUM_ UBFC_113337;UBFC_ADUM_UBFC_113337
227407;UBFC_ADUM_ UBFC_113250;UBFC_ADUM_UBFC_113250
227390;UBFC_ADUM_ UBFC_113249;UBFC_ADUM_UBFC_113249
227406;UBFC_ADUM_ UBFC_113248;UBFC_ADUM_UBFC_113248
227358;UBFC_ADUM_ UBFC_113180;UBFC_ADUM_UBFC_113180
227260;UBFC_ADUM_ UBFC_113067;UBFC_ADUM_UBFC_113067
227241;UBFC_ADUM_ UBFC_113046;UBFC_ADUM_UBFC_113046
227228;UBFC_ADUM_ UBFC_113004;UBFC_ADUM_UBFC_113004
227201;UBFC_ADUM_ UBFC_113003;UBFC_ADUM_UBFC_113003
227227;UBFC_ADUM_ UBFC_113002;UBFC_ADUM_UBFC_113002
227226;UBFC_ADUM_ UBFC_113001;UBFC_ADUM_UBFC_113001
227214;UBFC_ADUM_ UBFC_112948;UBFC_ADUM_UBFC_112948
227144;UBFC_ADUM_ UBFC_112918;UBFC_ADUM_UBFC_112918
227119;UBFC_ADUM_ UBFC_112916;UBFC_ADUM_UBFC_112916
227132;UBFC_ADUM_ UBFC_112906;UBFC_ADUM_UBFC_112906
227114;UBFC_ADUM_ UBFC_112904;UBFC_ADUM_UBFC_112904
227131;UBFC_ADUM_ UBFC_112903;UBFC_ADUM_UBFC_112903
227130;UBFC_ADUM_ UBFC_112902;UBFC_ADUM_UBFC_112902
227126;UBFC_ADUM_ UBFC_112882;UBFC_ADUM_UBFC_112882
227124;UBFC_ADUM_ UBFC_112857;UBFC_ADUM_UBFC_112857
227109;UBFC_ADUM_ UBFC_112856;UBFC_ADUM_UBFC_112856
227107;UBFC_ADUM_ UBFC_112854;UBFC_ADUM_UBFC_112854
227123;UBFC_ADUM_ UBFC_112853;UBFC_ADUM_UBFC_112853
227106;UBFC_ADUM_ UBFC_112852;UBFC_ADUM_UBFC_112852
227101;UBFC_ADUM_ UBFC_112851;UBFC_ADUM_UBFC_112851
227099;UBFC_ADUM_ UBFC_112847;UBFC_ADUM_UBFC_112847
227057;UBFC_ADUM_ UBFC_112826;UBFC_ADUM_UBFC_112826
227055;UBFC_ADUM_ UBFC_112822;UBFC_ADUM_UBFC_112822
227094;UBFC_ADUM_ UBFC_112821;UBFC_ADUM_UBFC_112821
227090;UBFC_ADUM_ UBFC_112805;UBFC_ADUM_UBFC_112805
226959;UBFC_ADUM_ UBFC_112674;UBFC_ADUM_UBFC_112674
226894;UBFC_ADUM_ UBFC_112633;UBFC_ADUM_UBFC_112633
226841;UBFC_ADUM_ UBFC_112557;UBFC_ADUM_UBFC_112557
226840;UBFC_ADUM_ UBFC_112556;UBFC_ADUM_UBFC_112556
226839;UBFC_ADUM_ UBFC_112555;UBFC_ADUM_UBFC_112555
226837;UBFC_ADUM_ UBFC_112549;UBFC_ADUM_UBFC_112549
228489;UBFC_ADUM_ UBFC_112477;UBFC_ADUM_UBFC_112477
226673;UBFC_ADUM_ UBFC_112368;UBFC_ADUM_UBFC_112368
226652;UBFC_ADUM_ UBFC_112350;UBFC_ADUM_UBFC_112350
226651;UBFC_ADUM_ UBFC_112349;UBFC_ADUM_UBFC_112349
226646;UBFC_ADUM_ UBFC_112339;UBFC_ADUM_UBFC_112339
226483;UBFC_ADUM_ UBFC_112195;UBFC_ADUM_UBFC_112195
226470;UBFC_ADUM_ UBFC_112187;UBFC_ADUM_UBFC_112187
226457;UBFC_ADUM_ UBFC_112172;UBFC_ADUM_UBFC_112172
226440;UBFC_ADUM_ UBFC_112166;UBFC_ADUM_UBFC_112166
226415;UBFC_ADUM_ UBFC_112149;UBFC_ADUM_UBFC_112149
252616;UBFC_ADUM_ UBFC_112148;UBFC_ADUM_UBFC_112148
226414;UBFC_ADUM_ UBFC_112147;UBFC_ADUM_UBFC_112147
226425;UBFC_ADUM_ UBFC_112139;UBFC_ADUM_UBFC_112139
226381;UBFC_ADUM_ UBFC_112137;UBFC_ADUM_UBFC_112137
226380;UBFC_ADUM_ UBFC_112135;UBFC_ADUM_UBFC_112135
226377;UBFC_ADUM_ UBFC_112129;UBFC_ADUM_UBFC_112129
226404;UBFC_ADUM_ UBFC_112127;UBFC_ADUM_UBFC_112127
226368;UBFC_ADUM_ UBFC_112097;UBFC_ADUM_UBFC_112097
226310;UBFC_ADUM_ UBFC_112052;UBFC_ADUM_UBFC_112052
226296;UBFC_ADUM_ UBFC_112028;UBFC_ADUM_UBFC_112028
226279;UBFC_ADUM_ UBFC_111982;UBFC_ADUM_UBFC_111982
226200;UBFC_ADUM_ UBFC_111865;UBFC_ADUM_UBFC_111865
226203;UBFC_ADUM_ UBFC_111864;UBFC_ADUM_UBFC_111864
226180;UBFC_ADUM_ UBFC_111856;UBFC_ADUM_UBFC_111856
226179;UBFC_ADUM_ UBFC_111849;UBFC_ADUM_UBFC_111849
226143;UBFC_ADUM_ UBFC_111776;UBFC_ADUM_UBFC_111776
226115;UBFC_ADUM_ UBFC_111766;UBFC_ADUM_UBFC_111766
226108;UBFC_ADUM_ UBFC_111748;UBFC_ADUM_UBFC_111748
226100;UBFC_ADUM_ UBFC_111745;UBFC_ADUM_UBFC_111745
225934;UBFC_ADUM_ UBFC_111594;UBFC_ADUM_UBFC_111594
225933;UBFC_ADUM_ UBFC_111592;UBFC_ADUM_UBFC_111592
225946;UBFC_ADUM_ UBFC_111579;UBFC_ADUM_UBFC_111579
225900;UBFC_ADUM_ UBFC_111571;UBFC_ADUM_UBFC_111571
225861;UBFC_ADUM_ UBFC_111486;UBFC_ADUM_UBFC_111486
225856;UBFC_ADUM_ UBFC_111465;UBFC_ADUM_UBFC_111465
225598;UBFC_ADUM_ UBFC_111245;UBFC_ADUM_UBFC_111245
224925;UBFC_ADUM_ UBFC_110639;UBFC_ADUM_UBFC_110639
224443;UBFC_ADUM_ UBFC_109979;UBFC_ADUM_UBFC_109979
224436;UBFC_ADUM_ UBFC_109978;UBFC_ADUM_UBFC_109978
224345;UBFC_ADUM_ UBFC_109875;UBFC_ADUM_UBFC_109875
223942;UBFC_ADUM_ UBFC_109761;UBFC_ADUM_UBFC_109761
223955;UBFC_ADUM_ UBFC_109759;UBFC_ADUM_UBFC_109759
223529;UBFC_ADUM_ UBFC_109572;UBFC_ADUM_UBFC_109572
273036;UBFC_ADUM_ UBFC_109559;UBFC_ADUM_UBFC_109559
223456;UBFC_ADUM_ UBFC_109547;UBFC_ADUM_UBFC_109547
223220;UBFC_ADUM_ UBFC_109285;UBFC_ADUM_UBFC_109285
223146;UBFC_ADUM_ UBFC_109232;UBFC_ADUM_UBFC_109232
223048;UBFC_ADUM_ UBFC_109179;UBFC_ADUM_UBFC_109179
223025;UBFC_ADUM_ UBFC_109149;UBFC_ADUM_UBFC_109149
222999;UBFC_ADUM_ UBFC_109138;UBFC_ADUM_UBFC_109138
223010;UBFC_ADUM_ UBFC_109137;UBFC_ADUM_UBFC_109137
222965;UBFC_ADUM_ UBFC_109129;UBFC_ADUM_UBFC_109129
222947;UBFC_ADUM_ UBFC_109107;UBFC_ADUM_UBFC_109107
222594;UBFC_ADUM_ UBFC_108928;UBFC_ADUM_UBFC_108928
222398;UBFC_ADUM_ UBFC_108738;UBFC_ADUM_UBFC_108738
222404;UBFC_ADUM_ UBFC_108737;UBFC_ADUM_UBFC_108737
222403;UBFC_ADUM_ UBFC_108736;UBFC_ADUM_UBFC_108736
222354;UBFC_ADUM_ UBFC_108703;UBFC_ADUM_UBFC_108703
222134;UBFC_ADUM_ UBFC_108584;UBFC_ADUM_UBFC_108584
221981;UBFC_ADUM_ UBFC_108505;UBFC_ADUM_UBFC_108505
221985;UBFC_ADUM_ UBFC_108499;UBFC_ADUM_UBFC_108499
221961;UBFC_ADUM_ UBFC_108486;UBFC_ADUM_UBFC_108486
221947;UBFC_ADUM_ UBFC_108481;UBFC_ADUM_UBFC_108481
221894;UBFC_ADUM_ UBFC_108465;UBFC_ADUM_UBFC_108465
221802;UBFC_ADUM_ UBFC_108438;UBFC_ADUM_UBFC_108438
221787;UBFC_ADUM_ UBFC_108424;UBFC_ADUM_UBFC_108424
221713;UBFC_ADUM_ UBFC_108404;UBFC_ADUM_UBFC_108404
223898;UBFC_ADUM_ UBFC_108342;UBFC_ADUM_UBFC_108342
232037;UBFC_ADUM_ UBFC_108280;UBFC_ADUM_UBFC_108280
221660;UBFC_ADUM_ UBFC_108269;UBFC_ADUM_UBFC_108269
221320;UBFC_ADUM_ UBFC_108210;UBFC_ADUM_UBFC_108210
221293;UBFC_ADUM_ UBFC_108184;UBFC_ADUM_UBFC_108184
221235;UBFC_ADUM_ UBFC_108148;UBFC_ADUM_UBFC_108148
221199;UBFC_ADUM_ UBFC_108120;UBFC_ADUM_UBFC_108120
251746;UBFC_ADUM_ UBFC_108119;UBFC_ADUM_UBFC_108119
221198;UBFC_ADUM_ UBFC_108118;UBFC_ADUM_UBFC_108118
221173;UBFC_ADUM_ UBFC_108101;UBFC_ADUM_UBFC_108101
220929;UBFC_ADUM_ UBFC_107966;UBFC_ADUM_UBFC_107966
220515;UBFC_ADUM_ UBFC_107763;UBFC_ADUM_UBFC_107763
220514;UBFC_ADUM_ UBFC_107762;UBFC_ADUM_UBFC_107762
220490;UBFC_ADUM_ UBFC_107761;UBFC_ADUM_UBFC_107761
220326;UBFC_ADUM_ UBFC_107710;UBFC_ADUM_UBFC_107710
219730;UBFC_ADUM_ UBFC_107543;UBFC_ADUM_UBFC_107543
219725;UBFC_ADUM_ UBFC_107542;UBFC_ADUM_UBFC_107542
219747;UBFC_ADUM_ UBFC_107532;UBFC_ADUM_UBFC_107532
339312;UBFC_ADUM_ UBFC_107528;UBFC_ADUM_UBFC_107528
219615;UBFC_ADUM_ UBFC_107527;UBFC_ADUM_UBFC_107527
219501;UBFC_ADUM_ UBFC_107459;UBFC_ADUM_UBFC_107459
219353;UBFC_ADUM_ UBFC_107426;UBFC_ADUM_UBFC_107426
219103;UBFC_ADUM_ UBFC_107392;UBFC_ADUM_UBFC_107392
273086;UBFC_ADUM_ UBFC_107370;UBFC_ADUM_UBFC_107370
232950;UBFC_ADUM_ UBFC_107298;UBFC_ADUM_UBFC_107298
218779;UBFC_ADUM_ UBFC_107297;UBFC_ADUM_UBFC_107297
218739;UBFC_ADUM_ UBFC_107296;UBFC_ADUM_UBFC_107296
218777;UBFC_ADUM_ UBFC_107294;UBFC_ADUM_UBFC_107294
218600;UBFC_ADUM_ UBFC_107224;UBFC_ADUM_UBFC_107224
218599;UBFC_ADUM_ UBFC_107223;UBFC_ADUM_UBFC_107223
218598;UBFC_ADUM_ UBFC_107222;UBFC_ADUM_UBFC_107222
228205;UBFC_ADUM_ UBFC_107199;UBFC_ADUM_UBFC_107199
232920;UBFC_ADUM_ UBFC_107192;UBFC_ADUM_UBFC_107192
218466;UBFC_ADUM_ UBFC_107191;UBFC_ADUM_UBFC_107191
218552;UBFC_ADUM_ UBFC_107190;UBFC_ADUM_UBFC_107190
218549;UBFC_ADUM_ UBFC_107187;UBFC_ADUM_UBFC_107187
218547;UBFC_ADUM_ UBFC_107184;UBFC_ADUM_UBFC_107184
218369;UBFC_ADUM_ UBFC_107171;UBFC_ADUM_UBFC_107171
238175;UBFC_ADUM_ UBFC_107170;UBFC_ADUM_UBFC_107170
218367;UBFC_ADUM_ UBFC_107169;UBFC_ADUM_UBFC_107169
219812;UBFC_ADUM_ UBFC_107168;UBFC_ADUM_UBFC_107168
218366;UBFC_ADUM_ UBFC_107167;UBFC_ADUM_UBFC_107167
218365;UBFC_ADUM_ UBFC_107166;UBFC_ADUM_UBFC_107166
218364;UBFC_ADUM_ UBFC_107165;UBFC_ADUM_UBFC_107165
238154;UBFC_ADUM_ UBFC_107164;UBFC_ADUM_UBFC_107164
218355;UBFC_ADUM_ UBFC_107152;UBFC_ADUM_UBFC_107152
218354;UBFC_ADUM_ UBFC_107151;UBFC_ADUM_UBFC_107151
218341;UBFC_ADUM_ UBFC_107150;UBFC_ADUM_UBFC_107150
218353;UBFC_ADUM_ UBFC_107148;UBFC_ADUM_UBFC_107148
218117;UBFC_ADUM_ UBFC_107118;UBFC_ADUM_UBFC_107118
218100;UBFC_ADUM_ UBFC_107115;UBFC_ADUM_UBFC_107115
218027;UBFC_ADUM_ UBFC_107107;UBFC_ADUM_UBFC_107107
220002;UBFC_ADUM_ UBFC_107106;UBFC_ADUM_UBFC_107106
218026;UBFC_ADUM_ UBFC_107105;UBFC_ADUM_UBFC_107105
218025;UBFC_ADUM_ UBFC_107104;UBFC_ADUM_UBFC_107104
230417;UBFC_ADUM_ UBFC_107103;UBFC_ADUM_UBFC_107103
218021;UBFC_ADUM_ UBFC_107096;UBFC_ADUM_UBFC_107096
218019;UBFC_ADUM_ UBFC_107092;UBFC_ADUM_UBFC_107092
232466;UBFC_ADUM_ UBFC_107088;UBFC_ADUM_UBFC_107088
218017;UBFC_ADUM_ UBFC_107087;UBFC_ADUM_UBFC_107087
217829;UBFC_ADUM_ UBFC_107078;UBFC_ADUM_UBFC_107078
217849;UBFC_ADUM_ UBFC_107077;UBFC_ADUM_UBFC_107077
217826;UBFC_ADUM_ UBFC_107076;UBFC_ADUM_UBFC_107076
217846;UBFC_ADUM_ UBFC_107075;UBFC_ADUM_UBFC_107075
217822;UBFC_ADUM_ UBFC_107074;UBFC_ADUM_UBFC_107074
217843;UBFC_ADUM_ UBFC_107073;UBFC_ADUM_UBFC_107073
254408;UBFC_ADUM_ UBFC_107072;UBFC_ADUM_UBFC_107072
232058;UBFC_ADUM_ UBFC_107071;UBFC_ADUM_UBFC_107071
217820;UBFC_ADUM_ UBFC_107069;UBFC_ADUM_UBFC_107069
241904;UBFC_ADUM_ UBFC_107067;UBFC_ADUM_UBFC_107067
257150;UBFC_ADUM_ UBFC_107065;UBFC_ADUM_UBFC_107065
219834;UBFC_ADUM_ UBFC_107064;UBFC_ADUM_UBFC_107064
217841;UBFC_ADUM_ UBFC_107063;UBFC_ADUM_UBFC_107063
217819;UBFC_ADUM_ UBFC_107062;UBFC_ADUM_UBFC_107062
217693;UBFC_ADUM_ UBFC_106983;UBFC_ADUM_UBFC_106983
230189;UBFC_ADUM_ UBFC_106981;UBFC_ADUM_UBFC_106981
217692;UBFC_ADUM_ UBFC_106979;UBFC_ADUM_UBFC_106979
217275;UBFC_ADUM_ UBFC_106850;UBFC_ADUM_UBFC_106850
217244;UBFC_ADUM_ UBFC_106847;UBFC_ADUM_UBFC_106847
217243;UBFC_ADUM_ UBFC_106845;UBFC_ADUM_UBFC_106845
217242;UBFC_ADUM_ UBFC_106843;UBFC_ADUM_UBFC_106843
217182;UBFC_ADUM_ UBFC_106819;UBFC_ADUM_UBFC_106819
217177;UBFC_ADUM_ UBFC_106810;UBFC_ADUM_UBFC_106810
217176;UBFC_ADUM_ UBFC_106809;UBFC_ADUM_UBFC_106809
217175;UBFC_ADUM_ UBFC_106808;UBFC_ADUM_UBFC_106808
216664;UBFC_ADUM_ UBFC_106709;UBFC_ADUM_UBFC_106709
216663;UBFC_ADUM_ UBFC_106708;UBFC_ADUM_UBFC_106708
216500;UBFC_ADUM_ UBFC_106660;UBFC_ADUM_UBFC_106660
216493;UBFC_ADUM_ UBFC_106651;UBFC_ADUM_UBFC_106651
216344;UBFC_ADUM_ UBFC_106606;UBFC_ADUM_UBFC_106606
215911;UBFC_ADUM_ UBFC_106319;UBFC_ADUM_UBFC_106319
215920;UBFC_ADUM_ UBFC_106318;UBFC_ADUM_UBFC_106318
215919;UBFC_ADUM_ UBFC_106317;UBFC_ADUM_UBFC_106317
215918;UBFC_ADUM_ UBFC_106316;UBFC_ADUM_UBFC_106316
215886;UBFC_ADUM_ UBFC_106300;UBFC_ADUM_UBFC_106300
215877;UBFC_ADUM_ UBFC_106275;UBFC_ADUM_UBFC_106275
215605;UBFC_ADUM_ UBFC_106132;UBFC_ADUM_UBFC_106132
215604;UBFC_ADUM_ UBFC_106131;UBFC_ADUM_UBFC_106131
215591;UBFC_ADUM_ UBFC_106130;UBFC_ADUM_UBFC_106130
215597;UBFC_ADUM_ UBFC_106128;UBFC_ADUM_UBFC_106128
215581;UBFC_ADUM_ UBFC_106127;UBFC_ADUM_UBFC_106127
258968;UBFC_ADUM_ UBFC_106126;UBFC_ADUM_UBFC_106126
235991;UBFC_ADUM_ UBFC_106125;UBFC_ADUM_UBFC_106125
230275;UBFC_ADUM_ UBFC_106124;UBFC_ADUM_UBFC_106124
215580;UBFC_ADUM_ UBFC_106122;UBFC_ADUM_UBFC_106122
215579;UBFC_ADUM_ UBFC_106121;UBFC_ADUM_UBFC_106121
215578;UBFC_ADUM_ UBFC_106120;UBFC_ADUM_UBFC_106120
232036;UBFC_ADUM_ UBFC_106119;UBFC_ADUM_UBFC_106119
215595;UBFC_ADUM_ UBFC_106118;UBFC_ADUM_UBFC_106118
215594;UBFC_ADUM_ UBFC_106117;UBFC_ADUM_UBFC_106117
215508;UBFC_ADUM_ UBFC_106106;UBFC_ADUM_UBFC_106106
215279;UBFC_ADUM_ UBFC_105939;UBFC_ADUM_UBFC_105939
215214;UBFC_ADUM_ UBFC_105869;UBFC_ADUM_UBFC_105869
215186;UBFC_ADUM_ UBFC_105858;UBFC_ADUM_UBFC_105858
215002;UBFC_ADUM_ UBFC_105784;UBFC_ADUM_UBFC_105784
215021;UBFC_ADUM_ UBFC_105776;UBFC_ADUM_UBFC_105776
214992;UBFC_ADUM_ UBFC_105754;UBFC_ADUM_UBFC_105754
214951;UBFC_ADUM_ UBFC_105751;UBFC_ADUM_UBFC_105751
214984;UBFC_ADUM_ UBFC_105741;UBFC_ADUM_UBFC_105741
214914;UBFC_ADUM_ UBFC_105704;UBFC_ADUM_UBFC_105704
214905;UBFC_ADUM_ UBFC_105702;UBFC_ADUM_UBFC_105702
214864;UBFC_ADUM_ UBFC_105678;UBFC_ADUM_UBFC_105678
214746;UBFC_ADUM_ UBFC_105625;UBFC_ADUM_UBFC_105625
228067;UBFC_ADUM_ UBFC_105624;UBFC_ADUM_UBFC_105624
214756;UBFC_ADUM_ UBFC_105623;UBFC_ADUM_UBFC_105623
214755;UBFC_ADUM_ UBFC_105622;UBFC_ADUM_UBFC_105622
214754;UBFC_ADUM_ UBFC_105621;UBFC_ADUM_UBFC_105621
214734;UBFC_ADUM_ UBFC_105603;UBFC_ADUM_UBFC_105603
214720;UBFC_ADUM_ UBFC_105602;UBFC_ADUM_UBFC_105602
214713;UBFC_ADUM_ UBFC_105589;UBFC_ADUM_UBFC_105589
214625;UBFC_ADUM_ UBFC_105561;UBFC_ADUM_UBFC_105561
219848;UBFC_ADUM_ UBFC_105560;UBFC_ADUM_UBFC_105560
214624;UBFC_ADUM_ UBFC_105559;UBFC_ADUM_UBFC_105559
214656;UBFC_ADUM_ UBFC_105558;UBFC_ADUM_UBFC_105558
218479;UBFC_ADUM_ UBFC_105557;UBFC_ADUM_UBFC_105557
214655;UBFC_ADUM_ UBFC_105556;UBFC_ADUM_UBFC_105556
214622;UBFC_ADUM_ UBFC_105555;UBFC_ADUM_UBFC_105555
214653;UBFC_ADUM_ UBFC_105554;UBFC_ADUM_UBFC_105554
214652;UBFC_ADUM_ UBFC_105553;UBFC_ADUM_UBFC_105553
214651;UBFC_ADUM_ UBFC_105552;UBFC_ADUM_UBFC_105552
229136;UBFC_ADUM_ UBFC_105495;UBFC_ADUM_UBFC_105495
214465;UBFC_ADUM_ UBFC_105480;UBFC_ADUM_UBFC_105480
214464;UBFC_ADUM_ UBFC_105479;UBFC_ADUM_UBFC_105479
214451;UBFC_ADUM_ UBFC_105478;UBFC_ADUM_UBFC_105478
214463;UBFC_ADUM_ UBFC_105476;UBFC_ADUM_UBFC_105476
214462;UBFC_ADUM_ UBFC_105475;UBFC_ADUM_UBFC_105475
214447;UBFC_ADUM_ UBFC_105474;UBFC_ADUM_UBFC_105474
214446;UBFC_ADUM_ UBFC_105472;UBFC_ADUM_UBFC_105472
214445;UBFC_ADUM_ UBFC_105471;UBFC_ADUM_UBFC_105471
214443;UBFC_ADUM_ UBFC_105468;UBFC_ADUM_UBFC_105468
214456;UBFC_ADUM_ UBFC_105465;UBFC_ADUM_UBFC_105465
214454;UBFC_ADUM_ UBFC_105461;UBFC_ADUM_UBFC_105461
214453;UBFC_ADUM_ UBFC_105460;UBFC_ADUM_UBFC_105460
214430;UBFC_ADUM_ UBFC_105459;UBFC_ADUM_UBFC_105459
236899;UBFC_ADUM_ UBFC_105448;UBFC_ADUM_UBFC_105448
214382;UBFC_ADUM_ UBFC_105426;UBFC_ADUM_UBFC_105426
214254;UBFC_ADUM_ UBFC_105281;UBFC_ADUM_UBFC_105281
214253;UBFC_ADUM_ UBFC_105280;UBFC_ADUM_UBFC_105280
214252;UBFC_ADUM_ UBFC_105279;UBFC_ADUM_UBFC_105279
214211;UBFC_ADUM_ UBFC_105278;UBFC_ADUM_UBFC_105278
214064;UBFC_ADUM_ UBFC_105098;UBFC_ADUM_UBFC_105098
214056;UBFC_ADUM_ UBFC_105087;UBFC_ADUM_UBFC_105087
214040;UBFC_ADUM_ UBFC_105085;UBFC_ADUM_UBFC_105085
214037;UBFC_ADUM_ UBFC_105080;UBFC_ADUM_UBFC_105080
213990;UBFC_ADUM_ UBFC_105077;UBFC_ADUM_UBFC_105077
213989;UBFC_ADUM_ UBFC_105075;UBFC_ADUM_UBFC_105075
214031;UBFC_ADUM_ UBFC_105074;UBFC_ADUM_UBFC_105074
213988;UBFC_ADUM_ UBFC_105071;UBFC_ADUM_UBFC_105071
214029;UBFC_ADUM_ UBFC_105070;UBFC_ADUM_UBFC_105070
214027;UBFC_ADUM_ UBFC_105066;UBFC_ADUM_UBFC_105066
213975;UBFC_ADUM_ UBFC_105025;UBFC_ADUM_UBFC_105025
213973;UBFC_ADUM_ UBFC_105021;UBFC_ADUM_UBFC_105021
213914;UBFC_ADUM_ UBFC_104964;UBFC_ADUM_UBFC_104964
217456;UBFC_ADUM_ UBFC_104918;UBFC_ADUM_UBFC_104918
213855;UBFC_ADUM_ UBFC_104917;UBFC_ADUM_UBFC_104917
213877;UBFC_ADUM_ UBFC_104916;UBFC_ADUM_UBFC_104916
213874;UBFC_ADUM_ UBFC_104909;UBFC_ADUM_UBFC_104909
213873;UBFC_ADUM_ UBFC_104908;UBFC_ADUM_UBFC_104908
213851;UBFC_ADUM_ UBFC_104906;UBFC_ADUM_UBFC_104906
213850;UBFC_ADUM_ UBFC_104902;UBFC_ADUM_UBFC_104902
213848;UBFC_ADUM_ UBFC_104900;UBFC_ADUM_UBFC_104900
213852;UBFC_ADUM_ UBFC_104899;UBFC_ADUM_UBFC_104899
259248;UBFC_ADUM_ UBFC_104898;UBFC_ADUM_UBFC_104898
213811;UBFC_ADUM_ UBFC_104897;UBFC_ADUM_UBFC_104897
213846;UBFC_ADUM_ UBFC_104895;UBFC_ADUM_UBFC_104895
213839;UBFC_ADUM_ UBFC_104886;UBFC_ADUM_UBFC_104886
213838;UBFC_ADUM_ UBFC_104885;UBFC_ADUM_UBFC_104885
213809;UBFC_ADUM_ UBFC_104883;UBFC_ADUM_UBFC_104883
228175;UBFC_ADUM_ UBFC_104879;UBFC_ADUM_UBFC_104879
213807;UBFC_ADUM_ UBFC_104873;UBFC_ADUM_UBFC_104873
213834;UBFC_ADUM_ UBFC_104869;UBFC_ADUM_UBFC_104869
213831;UBFC_ADUM_ UBFC_104868;UBFC_ADUM_UBFC_104868
213830;UBFC_ADUM_ UBFC_104867;UBFC_ADUM_UBFC_104867
213829;UBFC_ADUM_ UBFC_104865;UBFC_ADUM_UBFC_104865
213826;UBFC_ADUM_ UBFC_104863;UBFC_ADUM_UBFC_104863
213825;UBFC_ADUM_ UBFC_104862;UBFC_ADUM_UBFC_104862
268450;UBFC_ADUM_ UBFC_104860;UBFC_ADUM_UBFC_104860
213800;UBFC_ADUM_ UBFC_104859;UBFC_ADUM_UBFC_104859
213824;UBFC_ADUM_ UBFC_104858;UBFC_ADUM_UBFC_104858
213823;UBFC_ADUM_ UBFC_104856;UBFC_ADUM_UBFC_104856
213789;UBFC_ADUM_ UBFC_104823;UBFC_ADUM_UBFC_104823
213762;UBFC_ADUM_ UBFC_104809;UBFC_ADUM_UBFC_104809
213761;UBFC_ADUM_ UBFC_104808;UBFC_ADUM_UBFC_104808
247232;UBFC_ADUM_ UBFC_104796;UBFC_ADUM_UBFC_104796
213741;UBFC_ADUM_ UBFC_104789;UBFC_ADUM_UBFC_104789
231481;UBFC_ADUM_ UBFC_104688;UBFC_ADUM_UBFC_104688
213584;UBFC_ADUM_ UBFC_104687;UBFC_ADUM_UBFC_104687
213550;UBFC_ADUM_ UBFC_104686;UBFC_ADUM_UBFC_104686
213545;UBFC_ADUM_ UBFC_104673;UBFC_ADUM_UBFC_104673
213520;UBFC_ADUM_ UBFC_104629;UBFC_ADUM_UBFC_104629
213385;UBFC_ADUM_ UBFC_104578;UBFC_ADUM_UBFC_104578
213362;UBFC_ADUM_ UBFC_104569;UBFC_ADUM_UBFC_104569
213170;UBFC_ADUM_ UBFC_104472;UBFC_ADUM_UBFC_104472
213196;UBFC_ADUM_ UBFC_104470;UBFC_ADUM_UBFC_104470
213187;UBFC_ADUM_ UBFC_104469;UBFC_ADUM_UBFC_104469
213185;UBFC_ADUM_ UBFC_104468;UBFC_ADUM_UBFC_104468
213184;UBFC_ADUM_ UBFC_104467;UBFC_ADUM_UBFC_104467
213183;UBFC_ADUM_ UBFC_104466;UBFC_ADUM_UBFC_104466
213182;UBFC_ADUM_ UBFC_104465;UBFC_ADUM_UBFC_104465
213181;UBFC_ADUM_ UBFC_104463;UBFC_ADUM_UBFC_104463
213164;UBFC_ADUM_ UBFC_104462;UBFC_ADUM_UBFC_104462
213161;UBFC_ADUM_ UBFC_104458;UBFC_ADUM_UBFC_104458
213175;UBFC_ADUM_ UBFC_104457;UBFC_ADUM_UBFC_104457
227102;UBFC_ADUM_ UBFC_104456;UBFC_ADUM_UBFC_104456
213173;UBFC_ADUM_ UBFC_104455;UBFC_ADUM_UBFC_104455
213124;UBFC_ADUM_ UBFC_104428;UBFC_ADUM_UBFC_104428
213140;UBFC_ADUM_ UBFC_104425;UBFC_ADUM_UBFC_104425
213119;UBFC_ADUM_ UBFC_104423;UBFC_ADUM_UBFC_104423
213139;UBFC_ADUM_ UBFC_104421;UBFC_ADUM_UBFC_104421
213138;UBFC_ADUM_ UBFC_104420;UBFC_ADUM_UBFC_104420
213137;UBFC_ADUM_ UBFC_104419;UBFC_ADUM_UBFC_104419
213136;UBFC_ADUM_ UBFC_104416;UBFC_ADUM_UBFC_104416
213117;UBFC_ADUM_ UBFC_104411;UBFC_ADUM_UBFC_104411
213134;UBFC_ADUM_ UBFC_104409;UBFC_ADUM_UBFC_104409
213132;UBFC_ADUM_ UBFC_104407;UBFC_ADUM_UBFC_104407
213111;UBFC_ADUM_ UBFC_104405;UBFC_ADUM_UBFC_104405
213113;UBFC_ADUM_ UBFC_104404;UBFC_ADUM_UBFC_104404
213112;UBFC_ADUM_ UBFC_104403;UBFC_ADUM_UBFC_104403
213059;UBFC_ADUM_ UBFC_104356;UBFC_ADUM_UBFC_104356
213038;UBFC_ADUM_ UBFC_104339;UBFC_ADUM_UBFC_104339
213034;UBFC_ADUM_ UBFC_104331;UBFC_ADUM_UBFC_104331
212980;UBFC_ADUM_ UBFC_104298;UBFC_ADUM_UBFC_104298
223903;UBFC_ADUM_ UBFC_104293;UBFC_ADUM_UBFC_104293
212943;UBFC_ADUM_ UBFC_104267;UBFC_ADUM_UBFC_104267
212964;UBFC_ADUM_ UBFC_104264;UBFC_ADUM_UBFC_104264
212839;UBFC_ADUM_ UBFC_104222;UBFC_ADUM_UBFC_104222
212822;UBFC_ADUM_ UBFC_104220;UBFC_ADUM_UBFC_104220
212834;UBFC_ADUM_ UBFC_104202;UBFC_ADUM_UBFC_104202
212833;UBFC_ADUM_ UBFC_104197;UBFC_ADUM_UBFC_104197
212815;UBFC_ADUM_ UBFC_104186;UBFC_ADUM_UBFC_104186
229232;UBFC_ADUM_ UBFC_104183;UBFC_ADUM_UBFC_104183
212814;UBFC_ADUM_ UBFC_104182;UBFC_ADUM_UBFC_104182
227059;UBFC_ADUM_ UBFC_104181;UBFC_ADUM_UBFC_104181
212808;UBFC_ADUM_ UBFC_104179;UBFC_ADUM_UBFC_104179
212806;UBFC_ADUM_ UBFC_104175;UBFC_ADUM_UBFC_104175
212787;UBFC_ADUM_ UBFC_104132;UBFC_ADUM_UBFC_104132
212687;UBFC_ADUM_ UBFC_103982;UBFC_ADUM_UBFC_103982
212517;UBFC_ADUM_ UBFC_103841;UBFC_ADUM_UBFC_103841
212532;UBFC_ADUM_ UBFC_103840;UBFC_ADUM_UBFC_103840
212516;UBFC_ADUM_ UBFC_103838;UBFC_ADUM_UBFC_103838
212515;UBFC_ADUM_ UBFC_103837;UBFC_ADUM_UBFC_103837
212514;UBFC_ADUM_ UBFC_103836;UBFC_ADUM_UBFC_103836
212499;UBFC_ADUM_ UBFC_103808;UBFC_ADUM_UBFC_103808
212364;UBFC_ADUM_ UBFC_103787;UBFC_ADUM_UBFC_103787
232477;UBFC_ADUM_ UBFC_103520;UBFC_ADUM_UBFC_103520
230866;UBFC_ADUM_ UBFC_103470;UBFC_ADUM_UBFC_103470
217673;UBFC_ADUM_ UBFC_103450;UBFC_ADUM_UBFC_103450
212116;UBFC_ADUM_ UBFC_103373;UBFC_ADUM_UBFC_103373
212102;UBFC_ADUM_ UBFC_103372;UBFC_ADUM_UBFC_103372
212033;UBFC_ADUM_ UBFC_103341;UBFC_ADUM_UBFC_103341
211988;UBFC_ADUM_ UBFC_103302;UBFC_ADUM_UBFC_103302
211958;UBFC_ADUM_ UBFC_103267;UBFC_ADUM_UBFC_103267
211957;UBFC_ADUM_ UBFC_103265;UBFC_ADUM_UBFC_103265
211938;UBFC_ADUM_ UBFC_103264;UBFC_ADUM_UBFC_103264
211954;UBFC_ADUM_ UBFC_103253;UBFC_ADUM_UBFC_103253
211930;UBFC_ADUM_ UBFC_103245;UBFC_ADUM_UBFC_103245
211884;UBFC_ADUM_ UBFC_103239;UBFC_ADUM_UBFC_103239
211860;UBFC_ADUM_ UBFC_103206;UBFC_ADUM_UBFC_103206
211818;UBFC_ADUM_ UBFC_103157;UBFC_ADUM_UBFC_103157
211599;UBFC_ADUM_ UBFC_103077;UBFC_ADUM_UBFC_103077
211598;UBFC_ADUM_ UBFC_103076;UBFC_ADUM_UBFC_103076
211537;UBFC_ADUM_ UBFC_103035;UBFC_ADUM_UBFC_103035
211536;UBFC_ADUM_ UBFC_103032;UBFC_ADUM_UBFC_103032
211534;UBFC_ADUM_ UBFC_103031;UBFC_ADUM_UBFC_103031
238176;UBFC_ADUM_ UBFC_103029;UBFC_ADUM_UBFC_103029
211532;UBFC_ADUM_ UBFC_103028;UBFC_ADUM_UBFC_103028
211517;UBFC_ADUM_ UBFC_103027;UBFC_ADUM_UBFC_103027
211510;UBFC_ADUM_ UBFC_103023;UBFC_ADUM_UBFC_103023
211509;UBFC_ADUM_ UBFC_103022;UBFC_ADUM_UBFC_103022
211508;UBFC_ADUM_ UBFC_103021;UBFC_ADUM_UBFC_103021
211499;UBFC_ADUM_ UBFC_103009;UBFC_ADUM_UBFC_103009
211496;UBFC_ADUM_ UBFC_103006;UBFC_ADUM_UBFC_103006
211464;UBFC_ADUM_ UBFC_102975;UBFC_ADUM_UBFC_102975
211451;UBFC_ADUM_ UBFC_102959;UBFC_ADUM_UBFC_102959
211283;UBFC_ADUM_ UBFC_102887;UBFC_ADUM_UBFC_102887
211251;UBFC_ADUM_ UBFC_102883;UBFC_ADUM_UBFC_102883
211175;UBFC_ADUM_ UBFC_102825;UBFC_ADUM_UBFC_102825
211165;UBFC_ADUM_ UBFC_102810;UBFC_ADUM_UBFC_102810
211118;UBFC_ADUM_ UBFC_102751;UBFC_ADUM_UBFC_102751
211099;UBFC_ADUM_ UBFC_102750;UBFC_ADUM_UBFC_102750
211098;UBFC_ADUM_ UBFC_102748;UBFC_ADUM_UBFC_102748
211117;UBFC_ADUM_ UBFC_102747;UBFC_ADUM_UBFC_102747
211025;UBFC_ADUM_ UBFC_102727;UBFC_ADUM_UBFC_102727
211048;UBFC_ADUM_ UBFC_102726;UBFC_ADUM_UBFC_102726
211009;UBFC_ADUM_ UBFC_102696;UBFC_ADUM_UBFC_102696
211008;UBFC_ADUM_ UBFC_102694;UBFC_ADUM_UBFC_102694
210988;UBFC_ADUM_ UBFC_102693;UBFC_ADUM_UBFC_102693
211007;UBFC_ADUM_ UBFC_102691;UBFC_ADUM_UBFC_102691
211005;UBFC_ADUM_ UBFC_102690;UBFC_ADUM_UBFC_102690
210986;UBFC_ADUM_ UBFC_102688;UBFC_ADUM_UBFC_102688
210930;UBFC_ADUM_ UBFC_102658;UBFC_ADUM_UBFC_102658
210943;UBFC_ADUM_ UBFC_102657;UBFC_ADUM_UBFC_102657
210929;UBFC_ADUM_ UBFC_102656;UBFC_ADUM_UBFC_102656
210942;UBFC_ADUM_ UBFC_102655;UBFC_ADUM_UBFC_102655
210941;UBFC_ADUM_ UBFC_102654;UBFC_ADUM_UBFC_102654
210928;UBFC_ADUM_ UBFC_102653;UBFC_ADUM_UBFC_102653
227457;UBFC_ADUM_ UBFC_102636;UBFC_ADUM_UBFC_102636
210924;UBFC_ADUM_ UBFC_102635;UBFC_ADUM_UBFC_102635
210821;UBFC_ADUM_ UBFC_102487;UBFC_ADUM_UBFC_102487
210791;UBFC_ADUM_ UBFC_102458;UBFC_ADUM_UBFC_102458
210717;UBFC_ADUM_ UBFC_102375;UBFC_ADUM_UBFC_102375
210658;UBFC_ADUM_ UBFC_102361;UBFC_ADUM_UBFC_102361
210652;UBFC_ADUM_ UBFC_102349;UBFC_ADUM_UBFC_102349
210630;UBFC_ADUM_ UBFC_102342;UBFC_ADUM_UBFC_102342
210618;UBFC_ADUM_ UBFC_102282;UBFC_ADUM_UBFC_102282
210514;UBFC_ADUM_ UBFC_102148;UBFC_ADUM_UBFC_102148
210491;UBFC_ADUM_ UBFC_102141;UBFC_ADUM_UBFC_102141
210470;UBFC_ADUM_ UBFC_102136;UBFC_ADUM_UBFC_102136
210469;UBFC_ADUM_ UBFC_102134;UBFC_ADUM_UBFC_102134
210468;UBFC_ADUM_ UBFC_102133;UBFC_ADUM_UBFC_102133
210467;UBFC_ADUM_ UBFC_102132;UBFC_ADUM_UBFC_102132
210488;UBFC_ADUM_ UBFC_102131;UBFC_ADUM_UBFC_102131
210408;UBFC_ADUM_ UBFC_102087;UBFC_ADUM_UBFC_102087
210396;UBFC_ADUM_ UBFC_102080;UBFC_ADUM_UBFC_102080
210299;UBFC_ADUM_ UBFC_102029;UBFC_ADUM_UBFC_102029
210320;UBFC_ADUM_ UBFC_102028;UBFC_ADUM_UBFC_102028
210319;UBFC_ADUM_ UBFC_102027;UBFC_ADUM_UBFC_102027
210259;UBFC_ADUM_ UBFC_102017;UBFC_ADUM_UBFC_102017
209991;UBFC_ADUM_ UBFC_101830;UBFC_ADUM_UBFC_101830
209990;UBFC_ADUM_ UBFC_101829;UBFC_ADUM_UBFC_101829
209971;UBFC_ADUM_ UBFC_101789;UBFC_ADUM_UBFC_101789
209944;UBFC_ADUM_ UBFC_101764;UBFC_ADUM_UBFC_101764
209927;UBFC_ADUM_ UBFC_101744;UBFC_ADUM_UBFC_101744
209924;UBFC_ADUM_ UBFC_101741;UBFC_ADUM_UBFC_101741
209922;UBFC_ADUM_ UBFC_101736;UBFC_ADUM_UBFC_101736
209921;UBFC_ADUM_ UBFC_101735;UBFC_ADUM_UBFC_101735
209935;UBFC_ADUM_ UBFC_101733;UBFC_ADUM_UBFC_101733
209912;UBFC_ADUM_ UBFC_101703;UBFC_ADUM_UBFC_101703
209898;UBFC_ADUM_ UBFC_101696;UBFC_ADUM_UBFC_101696
209896;UBFC_ADUM_ UBFC_101695;UBFC_ADUM_UBFC_101695
209827;UBFC_ADUM_ UBFC_101667;UBFC_ADUM_UBFC_101667
255969;UBFC_ADUM_ UBFC_101577;UBFC_ADUM_UBFC_101577
209775;UBFC_ADUM_ UBFC_101574;UBFC_ADUM_UBFC_101574
209774;UBFC_ADUM_ UBFC_101573;UBFC_ADUM_UBFC_101573
209773;UBFC_ADUM_ UBFC_101572;UBFC_ADUM_UBFC_101572
209581;UBFC_ADUM_ UBFC_101465;UBFC_ADUM_UBFC_101465
209573;UBFC_ADUM_ UBFC_101448;UBFC_ADUM_UBFC_101448
209572;UBFC_ADUM_ UBFC_101447;UBFC_ADUM_UBFC_101447
209560;UBFC_ADUM_ UBFC_101446;UBFC_ADUM_UBFC_101446
209550;UBFC_ADUM_ UBFC_101445;UBFC_ADUM_UBFC_101445
209553;UBFC_ADUM_ UBFC_101437;UBFC_ADUM_UBFC_101437
209530;UBFC_ADUM_ UBFC_101432;UBFC_ADUM_UBFC_101432
209524;UBFC_ADUM_ UBFC_101414;UBFC_ADUM_UBFC_101414
209447;UBFC_ADUM_ UBFC_101355;UBFC_ADUM_UBFC_101355
209445;UBFC_ADUM_ UBFC_101351;UBFC_ADUM_UBFC_101351
209440;UBFC_ADUM_ UBFC_101343;UBFC_ADUM_UBFC_101343
209438;UBFC_ADUM_ UBFC_101341;UBFC_ADUM_UBFC_101341
209242;UBFC_ADUM_ UBFC_101186;UBFC_ADUM_UBFC_101186
208946;UBFC_ADUM_ UBFC_101023;UBFC_ADUM_UBFC_101023
208945;UBFC_ADUM_ UBFC_101022;UBFC_ADUM_UBFC_101022
208893;UBFC_ADUM_ UBFC_100975;UBFC_ADUM_UBFC_100975
208889;UBFC_ADUM_ UBFC_100971;UBFC_ADUM_UBFC_100971
208767;UBFC_ADUM_ UBFC_100911;UBFC_ADUM_UBFC_100911
208774;UBFC_ADUM_ UBFC_100897;UBFC_ADUM_UBFC_100897
208743;UBFC_ADUM_ UBFC_100877;UBFC_ADUM_UBFC_100877
208670;UBFC_ADUM_ UBFC_100841;UBFC_ADUM_UBFC_100841
208690;UBFC_ADUM_ UBFC_100838;UBFC_ADUM_UBFC_100838
208667;UBFC_ADUM_ UBFC_100837;UBFC_ADUM_UBFC_100837
208688;UBFC_ADUM_ UBFC_100836;UBFC_ADUM_UBFC_100836
208687;UBFC_ADUM_ UBFC_100835;UBFC_ADUM_UBFC_100835
208663;UBFC_ADUM_ UBFC_100823;UBFC_ADUM_UBFC_100823
208654;UBFC_ADUM_ UBFC_100818;UBFC_ADUM_UBFC_100818
208652;UBFC_ADUM_ UBFC_100815;UBFC_ADUM_UBFC_100815
208648;UBFC_ADUM_ UBFC_100814;UBFC_ADUM_UBFC_100814
208646;UBFC_ADUM_ UBFC_100811;UBFC_ADUM_UBFC_100811
208645;UBFC_ADUM_ UBFC_100810;UBFC_ADUM_UBFC_100810
208603;UBFC_ADUM_ UBFC_100775;UBFC_ADUM_UBFC_100775
208372;UBFC_ADUM_ UBFC_100694;UBFC_ADUM_UBFC_100694
208098;UBFC_ADUM_ UBFC_100487;UBFC_ADUM_UBFC_100487
208093;UBFC_ADUM_ UBFC_100481;UBFC_ADUM_UBFC_100481
208077;UBFC_ADUM_ UBFC_100475;UBFC_ADUM_UBFC_100475
232089;UBFC_ADUM_ UBFC_100474;UBFC_ADUM_UBFC_100474
208074;UBFC_ADUM_ UBFC_100469;UBFC_ADUM_UBFC_100469
207951;UBFC_ADUM_ UBFC_100364;UBFC_ADUM_UBFC_100364
